Hujjat ID,Mijoz kodi,Mijoz,Hujjat №,Sana,To‘lov muddati,Summa,To‘langan,Valyuta,Filial kodi
R000001,M0475,Qodirov Rustam YaTT,SV-000001,2025-09-01,2025-10-16,2637600.00,1582560.00,UZS,TOS
R000002,M0101,Diyor Servis MChJ,SV-000004,2025-09-01,2025-10-01,2095296.00,2095296.00,UZS,TOS
R000003,M0454,Qodirov Shahnoza YaTT,SV-000005,2025-09-01,2025-09-16,5771136.00,5771136.00,UZS,SAM
R000004,M0778,Sharq Servis MChJ,SV-000008,2025-09-01,2025-09-16,4468800.00,4468800.00,UZS,TOS
R000005,M0295,Saidov Shahnoza YaTT,SV-000009,2025-09-01,2025-10-01,1032080.00,1032080.00,UZS,TOS
R000006,M0569,Abdullayev Javlon YaTT,SV-000010,2025-09-01,2025-10-16,8066016.00,8066016.00,UZS,SAM
R000007,M0138,Hamidov Kamola YaTT,SV-000012,2025-09-01,2025-10-16,4622320.64,4622320.64,UZS,SAM
R000008,M0649,Oltin Servis MChJ,SV-000014,2025-09-01,2025-10-01,3272304.00,3272304.00,UZS,BUX
R000009,M0268,Yulduz Trade MChJ,SV-000017,2025-09-01,2025-10-16,3849260.80,3849260.80,UZS,SAM
R000010,M0169,Farovon Servis MChJ,SV-000020,2025-09-02,2025-09-17,14077392.00,14077392.00,UZS,BUX
R000011,M0082,Ziyo Market MChJ,SV-000024,2025-09-02,2025-09-17,1139443.20,1139443.20,UZS,BUX
R000012,M0157,Toshmatov Rustam YaTT,SV-000030,2025-09-02,2025-10-02,1519221.76,1519221.76,UZS,FAR
R000013,M0802,Nur Import MChJ,SV-000031,2025-09-02,2025-10-02,356.53,356.53,USD,TOS
R000014,M0340,Toshmatov Aziz YaTT,SV-000034,2025-09-02,2025-10-02,5735632.00,5735632.00,UZS,TOS
R000015,M0198,Oltin Invest MChJ,SV-000036,2025-09-02,2025-10-02,1349600.00,1349600.00,UZS,TOS
R000016,M0375,Bunyod Market MChJ,SV-000037,2025-09-02,2025-10-02,880829.60,880829.60,UZS,SAM
R000017,M0541,Farovon Servis MChJ,SV-000041,2025-09-03,2025-10-03,8037671.04,8037671.04,UZS,SAM
R000018,M0172,Oltin Savdo MChJ,SV-000042,2025-09-03,2025-10-18,3919440.00,2038108.80,UZS,TOS
R000019,M0323,Yusupov Dilshod YaTT,SV-000051,2025-09-03,2025-09-18,406694.40,406694.40,UZS,FAR
R000020,M0027,Baraka Savdo MChJ,SV-000058,2025-09-04,2025-10-04,2447200.00,2447200.00,UZS,TOS
R000021,M0223,Rasulov Javlon YaTT,SV-000059,2025-09-04,2025-09-19,4434864.00,3015707.52,UZS,SAM
R000022,M0603,Nur Invest MChJ,SV-000060,2025-09-04,2025-10-19,3142944.00,3142944.00,UZS,SAM
R000023,M0314,Sobirov Sherzod YaTT,SV-000063,2025-09-04,2025-10-19,8409184.00,8409184.00,UZS,TOS
R000024,M0522,Aliyev Zarina YaTT,SV-000064,2025-09-04,2025-09-19,3422540.80,3422540.80,UZS,FAR
R000025,M0722,Yusupov Otabek YaTT,SV-000065,2025-09-04,2025-10-19,8608426.40,8608426.40,UZS,TOS
R000026,M0542,Rahimov Anvar YaTT,SV-000076,2025-09-05,2025-10-05,1888420.80,1888420.80,UZS,TOS
R000027,M0598,Rasulov Nodir YaTT,SV-000077,2025-09-05,2025-10-20,6772472.00,6772472.00,UZS,SAM
R000028,M0206,Mirzayev Dilshod YaTT,SV-000079,2025-09-05,2025-09-20,4090464.00,4090464.00,UZS,SAM
R000029,M0295,Saidov Shahnoza YaTT,SV-000080,2025-09-05,2025-10-05,1458240.00,933273.60,UZS,TOS
R000030,M0621,Saidov Gulnora YaTT,SV-000084,2025-09-05,2025-10-20,1749216.00,1749216.00,UZS,TOS
R000031,M0633,Toshmatov Shahnoza YaTT,SV-000091,2025-09-06,2025-09-21,1396640.00,1396640.00,UZS,FAR
R000032,M0234,Karimov Dilnoza YaTT,SV-000094,2025-09-06,2025-10-06,4374720.00,4374720.00,UZS,SAM
R000033,M0102,Mirzayev Javlon YaTT,SV-000098,2025-09-06,2025-10-21,2947257.60,2947257.60,UZS,SAM
R000034,M0383,Saidov Zarina YaTT,SV-000099,2025-09-06,2025-10-21,16052400.00,16052400.00,UZS,SAM
R000035,M0551,Ziyo Savdo MChJ,SV-000100,2025-09-06,2025-09-21,3170720.00,3170720.00,UZS,FAR
R000036,M0164,Ergashev Gulnora YaTT,SV-000101,2025-09-06,2025-10-21,4878630.40,4878630.40,UZS,BUX
R000037,M0628,Nazarov Jasur YaTT,SV-000104,2025-09-06,2025-09-21,5066124.00,5066124.00,UZS,BUX
R000038,M0172,Oltin Savdo MChJ,SV-000107,2025-09-06,2025-10-21,9166080.00,9166080.00,UZS,TOS
R000039,M0275,Hamidov Kamola YaTT,SV-000113,2025-09-07,2025-10-07,4423238.40,1990457.28,UZS,BUX
R000040,M0209,Karimov Malika YaTT,SV-000125,2025-09-08,2025-09-23,2744406.56,2744406.56,UZS,TOS
R000041,M0749,Omad Trade MChJ,SV-000129,2025-09-08,2025-09-23,3081079.68,3081079.68,UZS,BUX
R000042,M0717,Farovon Market MChJ,SV-000135,2025-09-09,2025-09-24,319200.00,319200.00,UZS,FAR
R000043,M0058,Tong Market MChJ,SV-000136,2025-09-09,2025-10-09,917280.00,669614.40,UZS,SAM
R000044,M0394,Sahovat Servis MChJ,SV-000137,2025-09-09,2025-10-24,3910704.00,1877137.92,UZS,BUX
R000045,M0085,Yusupov Shahnoza YaTT,SV-000141,2025-09-09,2025-10-24,15638056.00,1251044.48,UZS,TOS
R000046,M0411,Bunyod Trade MChJ,SV-000143,2025-09-09,2025-10-24,1923936.00,269351.04,UZS,TOS
R000047,M0126,Omad Servis MChJ,SV-000146,2025-09-09,2025-09-24,7134059.52,7134059.52,UZS,FAR
R000048,M0469,Tong Savdo MChJ,SV-000149,2025-09-10,2025-09-25,1971424.00,1971424.00,UZS,TOS
R000049,M0585,Aliyev Malika YaTT,SV-000156,2025-09-10,2025-10-10,3535123.20,3535123.20,UZS,FAR
R000050,M0549,Yulduz Savdo MChJ,SV-000167,2025-09-10,2025-09-25,3250620.80,1235235.90,UZS,BUX
R000051,M0226,Sahovat Market MChJ,SV-000168,2025-09-10,2025-10-10,477120.00,477120.00,UZS,TOS
R000052,M0512,Nur Market MChJ,SV-000169,2025-09-11,2025-09-26,1668414.72,0.00,UZS,FAR
R000053,M0110,Sahovat Market MChJ,SV-000173,2025-09-11,2025-09-26,4562938.24,4562938.24,UZS,FAR
R000054,M0466,Zamin Invest MChJ,SV-000178,2025-09-11,2025-09-26,3209472.00,3209472.00,UZS,TOS
R000055,M0101,Diyor Servis MChJ,SV-000187,2025-09-11,2025-10-11,4717198.08,4717198.08,UZS,TOS
R000056,M0067,Sobirov Rustam YaTT,SV-000188,2025-09-11,2025-10-11,4857820.80,4857820.80,UZS,TOS
R000057,M0215,Sharq Trade MChJ,SV-000189,2025-09-12,2025-10-27,470601.60,470601.60,UZS,TOS
R000058,M0733,Ergashev Bekzod YaTT,SV-000190,2025-09-12,2025-10-12,3113770.24,529340.94,UZS,FAR
R000059,M0324,Ergashev Sherzod YaTT,SV-000193,2025-09-12,2025-10-27,836254.72,836254.72,UZS,SAM
R000060,M0719,Karimov Dilnoza YaTT,SV-000201,2025-09-12,2025-09-27,913024.00,913024.00,UZS,BUX
R000061,M0465,Saidov Sardor YaTT,SV-000202,2025-09-12,2025-10-27,201600.00,201600.00,UZS,FAR
R000062,M0589,Istiqbol Savdo MChJ,SV-000204,2025-09-12,2025-10-12,1637395.20,1637395.20,UZS,TOS
R000063,M0049,Rahimov Rustam YaTT,SV-000206,2025-09-13,2025-10-13,1976990.40,1265273.86,UZS,TOS
R000064,M0402,Aliyev Otabek YaTT,SV-000210,2025-09-13,2025-10-28,3473920.80,1320089.90,UZS,BUX
R000065,M0801,Baraka Import MChJ,SV-000212,2025-09-13,2025-09-28,167.59,167.59,USD,TOS
R000066,M0205,Ergashev Shahnoza YaTT,SV-000214,2025-09-13,2025-10-13,1618848.00,145696.32,UZS,SAM
R000067,M0220,Rahimov Bekzod YaTT,SV-000215,2025-09-13,2025-10-13,13728960.00,6315321.60,UZS,SAM
R000068,M0521,Sobirov Feruza YaTT,SV-000217,2025-09-13,2025-09-28,5582640.00,837396.00,UZS,BUX
R000069,M0502,Aliyev Rustam YaTT,SV-000219,2025-09-13,2025-10-28,4515411.04,4515411.04,UZS,FAR
R000070,M0382,Bunyod Servis MChJ,SV-000220,2025-09-13,2025-10-13,10547320.00,10547320.00,UZS,BUX
R000071,M0158,Baraka Trade MChJ,SV-000223,2025-09-13,2025-10-28,187488.00,127491.84,UZS,TOS
R000072,M0714,Omad Trade MChJ,SV-000225,2025-09-13,2025-10-28,4896640.00,4896640.00,UZS,SAM
R000073,M0668,Baraka Savdo MChJ,SV-000227,2025-09-13,2025-10-28,291200.00,291200.00,UZS,BUX
R000074,M0390,Abdullayev Kamola YaTT,SV-000229,2025-09-14,2025-10-29,13264097.28,13264097.28,UZS,FAR
R000075,M0069,Sobirov Shahnoza YaTT,SV-000230,2025-09-14,2025-10-14,6001564.80,6001564.80,UZS,FAR
R000076,M0670,Baraka Trade MChJ,SV-000238,2025-09-15,2025-09-30,16329600.00,16329600.00,UZS,TOS
R000077,M0672,Ziyo Trade MChJ,SV-000240,2025-09-15,2025-10-15,4818889.60,4818889.60,UZS,TOS
R000078,M0693,Sharq Invest MChJ,SV-000243,2025-09-15,2025-10-15,1616160.00,1616160.00,UZS,BUX
R000079,M0163,Nur Invest MChJ,SV-000246,2025-09-15,2025-10-15,10473321.60,10473321.60,UZS,TOS
R000080,M0478,Zamin Servis MChJ,SV-000251,2025-09-15,2025-10-30,4939200.00,4939200.00,UZS,FAR
R000081,M0678,Toshmatov Shahnoza YaTT,SV-000256,2025-09-16,2025-10-01,3627545.60,3627545.60,UZS,TOS
R000082,M0606,Mirzayev Nigora YaTT,SV-000258,2025-09-16,2025-10-31,677371.52,677371.52,UZS,TOS
R000083,M0807,Farovon Import MChJ,SV-000266,2025-09-16,2025-10-01,177.22,177.22,USD,TOS
R000084,M0499,Omad Trade MChJ,SV-000267,2025-09-16,2025-10-01,282464.00,282464.00,UZS,SAM
R000085,M0002,Hamidov Kamola YaTT,SV-000268,2025-09-16,2025-10-01,5810784.00,5810784.00,UZS,TOS
R000086,M0752,Rasulov Dilshod YaTT,SV-000269,2025-09-16,2025-10-01,638400.00,638400.00,UZS,FAR
R000087,M0340,Toshmatov Aziz YaTT,SV-000270,2025-09-16,2025-10-01,16624742.40,16624742.40,UZS,TOS
R000088,M0533,Diyor Savdo MChJ,SV-000271,2025-09-16,2025-10-01,7042837.76,7042837.76,UZS,TOS
R000089,M0804,Ziyo Import MChJ,SV-000277,2025-09-17,2025-10-17,505.03,505.03,USD,TOS
R000090,M0604,Sharq Savdo MChJ,SV-000282,2025-09-17,2025-10-17,4364505.60,4364505.60,UZS,SAM
R000091,M0442,Abdullayev Dilshod YaTT,SV-000283,2025-09-17,2025-10-02,8014991.04,3045696.60,UZS,SAM
R000092,M0376,Ergashev Dilnoza YaTT,SV-000284,2025-09-17,2025-10-17,3600576.00,252040.32,UZS,TOS
R000093,M0764,Qodirov Dilnoza YaTT,SV-000289,2025-09-17,2025-10-02,6415281.60,4875614.02,UZS,FAR
R000094,M0155,Baraka Savdo MChJ,SV-000294,2025-09-18,2025-10-03,5479040.00,5479040.00,UZS,TOS
R000095,M0656,Xolmatov Nigora YaTT,SV-000297,2025-09-18,2025-10-03,2478448.00,2478448.00,UZS,FAR
R000096,M0265,Zamin Servis MChJ,SV-000303,2025-09-18,2025-10-18,3705372.16,3705372.16,UZS,BUX
R000097,M0207,Saidov Jasur YaTT,SV-000310,2025-09-19,2025-10-04,1375852.80,1375852.80,UZS,SAM
R000098,M0735,Sobirov Malika YaTT,SV-000315,2025-09-19,2025-11-03,2898336.00,2898336.00,UZS,BUX
R000099,M0473,Ziyo Market MChJ,SV-000316,2025-09-19,2025-10-19,1424908.80,1424908.80,UZS,TOS
R000100,M0545,Istiqbol Savdo MChJ,SV-000318,2025-09-19,2025-10-19,5404224.00,5404224.00,UZS,TOS
R000101,M0653,Sahovat Trade MChJ,SV-000330,2025-09-20,2025-10-05,514832.64,514832.64,UZS,FAR
R000102,M0045,Qodirov Sherzod YaTT,SV-000339,2025-09-20,2025-10-05,4992825.60,4992825.60,UZS,TOS
R000103,M0394,Sahovat Servis MChJ,SV-000340,2025-09-20,2025-10-05,21623616.00,10811808.00,UZS,BUX
R000104,M0440,Omad Servis MChJ,SV-000342,2025-09-20,2025-10-05,13614675.20,13614675.20,UZS,SAM
R000105,M0199,Hamidov Dilnoza YaTT,SV-000343,2025-09-20,2025-10-05,290953.60,290953.60,UZS,SAM
R000106,M0091,Ravnaq Trade MChJ,SV-000344,2025-09-20,2025-10-05,5841696.00,5841696.00,UZS,SAM
R000107,M0414,Omad Savdo MChJ,SV-000349,2025-09-21,2025-11-05,606211.20,12124.22,UZS,TOS
R000108,M0102,Mirzayev Javlon YaTT,SV-000350,2025-09-21,2025-10-21,1665431.04,1665431.04,UZS,SAM
R000109,M0593,Rasulov Javlon YaTT,SV-000351,2025-09-21,2025-10-21,615440.00,615440.00,UZS,TOS
R000110,M0667,Nur Invest MChJ,SV-000367,2025-09-22,2025-10-22,14498400.00,14498400.00,UZS,BUX
R000111,M0619,Farovon Servis MChJ,SV-000371,2025-09-22,2025-10-22,5407561.60,5407561.60,UZS,SAM
R000112,M0655,Hamidov Otabek YaTT,SV-000374,2025-09-23,2025-11-07,796320.00,796320.00,UZS,FAR
R000113,M0803,Oltin Import MChJ,SV-000380,2025-09-23,2025-10-23,88.79,88.79,USD,TOS
R000114,M0373,Rasulov Rustam YaTT,SV-000384,2025-09-23,2025-10-08,1500240.00,1500240.00,UZS,FAR
R000115,M0484,Baraka Savdo MChJ,SV-000385,2025-09-23,2025-10-08,7592998.56,7592998.56,UZS,BUX
R000116,M0808,Omad Import MChJ,SV-000387,2025-09-23,2025-10-08,294.98,294.98,USD,TOS
R000117,M0097,Nazarov Kamola YaTT,SV-000388,2025-09-23,2025-11-07,6494544.00,0.00,UZS,BUX
R000118,M0412,Sahovat Market MChJ,SV-000390,2025-09-23,2025-11-07,1444912.00,1444912.00,UZS,TOS
R000119,M0333,Diyor Savdo MChJ,SV-000391,2025-09-23,2025-10-08,1406689.76,323538.64,UZS,TOS
R000120,M0013,Xolmatov Sherzod YaTT,SV-000393,2025-09-24,2025-11-08,1052956.80,1052956.80,UZS,SAM
R000121,M0279,Istiqbol Market MChJ,SV-000394,2025-09-24,2025-10-24,2231577.60,2231577.60,UZS,FAR
R000122,M0108,Hamidov Nigora YaTT,SV-000395,2025-09-24,2025-10-24,1422036.00,1422036.00,UZS,TOS
R000123,M0490,Rahimov Umid YaTT,SV-000397,2025-09-24,2025-10-24,3990806.40,3990806.40,UZS,TOS
R000124,M0014,Abdullayev Kamola YaTT,SV-000398,2025-09-24,2025-11-08,856800.00,856800.00,UZS,FAR
R000125,M0490,Rahimov Umid YaTT,SV-000399,2025-09-24,2025-10-24,555367.68,555367.68,UZS,TOS
R000126,M0279,Istiqbol Market MChJ,SV-000401,2025-09-24,2025-10-09,4221324.80,1899596.16,UZS,FAR
R000127,M0756,Diyor Market MChJ,SV-000402,2025-09-24,2025-10-09,9644537.28,9644537.28,UZS,FAR
R000128,M0382,Bunyod Servis MChJ,SV-000405,2025-09-24,2025-11-08,5152795.20,5152795.20,UZS,BUX
R000129,M0178,Omad Servis MChJ,SV-000410,2025-09-24,2025-10-24,960388.80,960388.80,UZS,SAM
R000130,M0677,Saidov Dilshod YaTT,SV-000411,2025-09-24,2025-10-09,8986163.20,8986163.20,UZS,TOS
R000131,M0089,Diyor Servis MChJ,SV-000414,2025-09-25,2025-10-25,3753792.00,3753792.00,UZS,TOS
R000132,M0539,Toshmatov Bekzod YaTT,SV-000416,2025-09-25,2025-10-25,3024000.00,3024000.00,UZS,TOS
R000133,M0662,Mehr Servis MChJ,SV-000420,2025-09-25,2025-10-25,6288652.16,6288652.16,UZS,SAM
R000134,M0201,Rahimov Dilshod YaTT,SV-000425,2025-09-25,2025-11-09,7484153.60,7484153.60,UZS,TOS
R000135,M0568,Toshmatov Javlon YaTT,SV-000427,2025-09-25,2025-11-09,3196130.56,3196130.56,UZS,SAM
R000136,M0675,Sahovat Trade MChJ,SV-000428,2025-09-26,2025-10-11,1911094.08,1911094.08,UZS,SAM
R000137,M0392,Omad Savdo MChJ,SV-000430,2025-09-26,2025-10-26,2055670.40,2055670.40,UZS,SAM
R000138,M0586,Abdullayev Gulnora YaTT,SV-000433,2025-09-26,2025-11-10,190176.00,190176.00,UZS,TOS
R000139,M0605,Istiqbol Market MChJ,SV-000442,2025-09-27,2025-10-27,5822208.00,5822208.00,UZS,SAM
R000140,M0737,Abdullayev Sherzod YaTT,SV-000448,2025-09-27,2025-10-12,4559990.40,4559990.40,UZS,SAM
R000141,M0763,Karimov Nodir YaTT,SV-000451,2025-09-27,2025-10-27,4182353.28,501882.39,UZS,SAM
R000142,M0481,Farovon Servis MChJ,SV-000453,2025-09-27,2025-11-11,7132101.76,7132101.76,UZS,SAM
R000143,M0249,Rahimov Dilshod YaTT,SV-000455,2025-09-27,2025-11-11,313313.28,313313.28,UZS,SAM
R000144,M0191,Nazarov Otabek YaTT,SV-000456,2025-09-27,2025-11-11,2511936.00,2511936.00,UZS,TOS
R000145,M0768,Ravnaq Trade MChJ,SV-000461,2025-09-27,2025-10-27,6187104.00,6187104.00,UZS,TOS
R000146,M0272,Yusupov Otabek YaTT,SV-000465,2025-09-28,2025-10-13,2489984.00,2489984.00,UZS,SAM
R000147,M0396,Saidov Nigora YaTT,SV-000466,2025-09-28,2025-10-28,3370080.00,3370080.00,UZS,SAM
R000148,M0422,Yusupov Nigora YaTT,SV-000467,2025-09-28,2025-11-12,7406062.72,7406062.72,UZS,TOS
R000149,M0167,Bunyod Invest MChJ,SV-000469,2025-09-28,2025-11-12,5075280.00,5075280.00,UZS,BUX
R000150,M0187,Ziyo Trade MChJ,SV-000470,2025-09-28,2025-10-28,2933952.00,2933952.00,UZS,TOS
R000151,M0119,Bunyod Trade MChJ,SV-000474,2025-09-29,2025-11-13,8941546.88,8941546.88,UZS,FAR
R000152,M0639,Rasulov Javlon YaTT,SV-000476,2025-09-29,2025-11-13,5059353.60,5059353.60,UZS,TOS
R000153,M0275,Hamidov Kamola YaTT,SV-000477,2025-09-29,2025-10-14,8478780.80,8478780.80,UZS,BUX
R000154,M0475,Qodirov Rustam YaTT,SV-000481,2025-09-29,2025-11-13,1303680.00,1303680.00,UZS,TOS
R000155,M0065,Toshmatov Nigora YaTT,SV-000483,2025-09-29,2025-11-13,3376128.00,3376128.00,UZS,SAM
R000156,M0777,Istiqbol Invest MChJ,SV-000485,2025-09-29,2025-11-13,5552568.00,5552568.00,UZS,SAM
R000157,M0693,Sharq Invest MChJ,SV-000492,2025-09-30,2025-10-30,3181920.00,3181920.00,UZS,BUX
R000158,M0666,Mirzayev Jasur YaTT,SV-000496,2025-09-30,2025-10-15,3031750.40,3031750.40,UZS,TOS
R000159,M0381,Farovon Servis MChJ,SV-000500,2025-09-30,2025-10-15,666624.00,666624.00,UZS,FAR
R000160,M0398,Zamin Trade MChJ,SV-000504,2025-09-30,2025-10-30,4558982.40,4558982.40,UZS,TOS
R000161,M0599,Ziyo Savdo MChJ,SV-000508,2025-09-30,2025-10-15,16932025.60,9312614.08,UZS,TOS
R000162,M0017,Nazarov Malika YaTT,SV-000513,2025-10-01,2025-10-16,6122650.24,6122650.24,UZS,TOS
R000163,M0789,Mirzayev Zarina YaTT,SV-000515,2025-10-01,2025-10-31,2167061.12,2167061.12,UZS,TOS
R000164,M0299,Abdullayev Nodir YaTT,SV-000517,2025-10-01,2025-10-31,2760266.88,2760266.88,UZS,FAR
R000165,M0485,Nazarov Sherzod YaTT,SV-000521,2025-10-01,2025-11-15,7732221.28,7732221.28,UZS,TOS
R000166,M0666,Mirzayev Jasur YaTT,SV-000524,2025-10-01,2025-10-16,1298276.00,1298276.00,UZS,TOS
R000167,M0109,Aliyev Anvar YaTT,SV-000528,2025-10-02,2025-11-01,375424.00,375424.00,UZS,FAR
R000168,M0407,Sharq Servis MChJ,SV-000530,2025-10-02,2025-10-17,919968.00,919968.00,UZS,TOS
R000169,M0262,Baraka Market MChJ,SV-000538,2025-10-02,2025-11-16,685513.92,685513.92,UZS,FAR
R000170,M0077,Sahovat Savdo MChJ,SV-000539,2025-10-02,2025-10-17,5863809.28,5863809.28,UZS,TOS
R000171,M0591,Yusupov Anvar YaTT,SV-000540,2025-10-02,2025-11-16,2273600.00,2273600.00,UZS,FAR
R000172,M0740,Omad Savdo MChJ,SV-000543,2025-10-02,2025-11-01,7471184.00,7471184.00,UZS,SAM
R000173,M0006,Rasulov Jasur YaTT,SV-000547,2025-10-02,2025-10-17,1778112.00,1778112.00,UZS,FAR
R000174,M0275,Hamidov Kamola YaTT,SV-000552,2025-10-03,2025-11-17,13259680.00,13259680.00,UZS,BUX
R000175,M0285,Nur Savdo MChJ,SV-000556,2025-10-03,2025-11-17,5482780.80,1535178.62,UZS,FAR
R000176,M0218,Oltin Servis MChJ,SV-000559,2025-10-03,2025-10-18,3772487.04,3772487.04,UZS,FAR
R000177,M0595,Hamidov Gulnora YaTT,SV-000560,2025-10-03,2025-11-17,1890676.48,869711.18,UZS,SAM
R000178,M0003,Sharq Market MChJ,SV-000565,2025-10-03,2025-10-18,6342347.20,6342347.20,UZS,SAM
R000179,M0168,Ziyo Savdo MChJ,SV-000566,2025-10-03,2025-11-17,5184368.00,5184368.00,UZS,SAM
R000180,M0071,Istiqbol Market MChJ,SV-000567,2025-10-03,2025-10-18,8036775.04,8036775.04,UZS,SAM
R000181,M0130,Rasulov Anvar YaTT,SV-000572,2025-10-04,2025-10-19,8101085.44,8101085.44,UZS,SAM
R000182,M0027,Baraka Savdo MChJ,SV-000573,2025-10-04,2025-11-18,344736.00,344736.00,UZS,TOS
R000183,M0586,Abdullayev Gulnora YaTT,SV-000576,2025-10-04,2025-11-03,4001029.76,2280586.96,UZS,TOS
R000184,M0788,Ziyo Market MChJ,SV-000577,2025-10-04,2025-11-03,5467063.84,5467063.84,UZS,SAM
R000185,M0218,Oltin Servis MChJ,SV-000578,2025-10-04,2025-10-19,623589.12,623589.12,UZS,FAR
R000186,M0727,Mehr Invest MChJ,SV-000582,2025-10-04,2025-11-03,11157448.96,2008340.81,UZS,SAM
R000187,M0742,Saidov Dilnoza YaTT,SV-000584,2025-10-04,2025-10-19,1066912.00,917544.32,UZS,FAR
R000188,M0244,Baraka Servis MChJ,SV-000585,2025-10-04,2025-10-19,2202065.60,2202065.60,UZS,SAM
R000189,M0080,Omad Invest MChJ,SV-000595,2025-10-05,2025-10-20,7242257.12,7242257.12,UZS,FAR
R000190,M0569,Abdullayev Javlon YaTT,SV-000600,2025-10-06,2025-11-20,4152617.28,4152617.28,UZS,SAM
R000191,M0595,Hamidov Gulnora YaTT,SV-000603,2025-10-06,2025-11-20,406448.00,406448.00,UZS,SAM
R000192,M0103,Aliyev Kamola YaTT,SV-000605,2025-10-06,2025-11-05,3870783.84,2322470.30,UZS,FAR
R000193,M0277,Oltin Market MChJ,SV-000610,2025-10-06,2025-11-20,2939776.00,2939776.00,UZS,FAR
R000194,M0539,Toshmatov Bekzod YaTT,SV-000613,2025-10-06,2025-11-05,602660.80,602660.80,UZS,TOS
R000195,M0398,Zamin Trade MChJ,SV-000614,2025-10-06,2025-11-20,1700048.00,1700048.00,UZS,TOS
R000196,M0156,Xolmatov Sherzod YaTT,SV-000616,2025-10-06,2025-10-21,2169595.68,86783.83,UZS,TOS
R000197,M0455,Diyor Invest MChJ,SV-000624,2025-10-07,2025-10-22,4797160.48,4797160.48,UZS,FAR
R000198,M0591,Yusupov Anvar YaTT,SV-000626,2025-10-07,2025-10-22,12280352.00,12280352.00,UZS,FAR
R000199,M0056,Qodirov Dilshod YaTT,SV-000627,2025-10-07,2025-11-06,1680336.00,1680336.00,UZS,TOS
R000200,M0445,Yusupov Jasur YaTT,SV-000628,2025-10-07,2025-11-21,3906465.92,3906465.92,UZS,BUX
R000201,M0723,Aliyev Anvar YaTT,SV-000632,2025-10-07,2025-11-06,4208076.32,2735249.61,UZS,BUX
R000202,M0627,Abdullayev Nodir YaTT,SV-000634,2025-10-07,2025-11-06,3253149.76,2504925.32,UZS,TOS
R000203,M0402,Aliyev Otabek YaTT,SV-000636,2025-10-08,2025-10-23,2620018.24,78600.55,UZS,BUX
R000204,M0341,Mehr Trade MChJ,SV-000637,2025-10-08,2025-11-22,944944.00,944944.00,UZS,TOS
R000205,M0795,Istiqbol Invest MChJ,SV-000642,2025-10-08,2025-11-22,10244416.00,10244416.00,UZS,FAR
R000206,M0182,Rahimov Aziz YaTT,SV-000644,2025-10-08,2025-11-22,7550329.92,3322145.16,UZS,BUX
R000207,M0667,Nur Invest MChJ,SV-000646,2025-10-08,2025-11-22,2903376.00,2903376.00,UZS,BUX
R000208,M0214,Rasulov Javlon YaTT,SV-000653,2025-10-08,2025-10-23,911680.00,911680.00,UZS,SAM
R000209,M0767,Mehr Servis MChJ,SV-000654,2025-10-08,2025-11-07,5984496.00,5984496.00,UZS,TOS
R000210,M0592,Sahovat Market MChJ,SV-000655,2025-10-08,2025-11-22,2394000.00,143640.00,UZS,TOS
R000211,M0070,Toshmatov Malika YaTT,SV-000661,2025-10-09,2025-11-08,4920832.00,4920832.00,UZS,TOS
R000212,M0603,Nur Invest MChJ,SV-000669,2025-10-09,2025-11-23,11898400.64,11898400.64,UZS,SAM
R000213,M0146,Tong Trade MChJ,SV-000671,2025-10-09,2025-11-23,4115664.00,4115664.00,UZS,BUX
R000214,M0585,Aliyev Malika YaTT,SV-000676,2025-10-09,2025-10-24,1594152.00,1594152.00,UZS,FAR
R000215,M0255,Sahovat Servis MChJ,SV-000679,2025-10-10,2025-10-25,5913936.00,5913936.00,UZS,SAM
R000216,M0267,Sobirov Otabek YaTT,SV-000682,2025-10-10,2025-10-25,230048.00,89718.72,UZS,TOS
R000217,M0808,Omad Import MChJ,SV-000683,2025-10-10,2025-10-25,559.49,559.49,USD,TOS
R000218,M0062,Xolmatov Gulnora YaTT,SV-000686,2025-10-10,2025-11-24,3793592.32,3793592.32,UZS,TOS
R000219,M0525,Yulduz Savdo MChJ,SV-000689,2025-10-10,2025-10-25,1037400.00,1037400.00,UZS,SAM
R000220,M0395,Aliyev Feruza YaTT,SV-000690,2025-10-10,2025-10-25,3832339.84,3832339.84,UZS,SAM
R000221,M0797,Rahimov Sardor YaTT,SV-000691,2025-10-10,2025-11-24,2763824.00,994976.64,UZS,TOS
R000222,M0242,Aliyev Javlon YaTT,SV-000692,2025-10-10,2025-11-24,185055.36,155446.50,UZS,FAR
R000223,M0672,Ziyo Trade MChJ,SV-000693,2025-10-10,2025-10-25,8828859.20,7504530.32,UZS,TOS
R000224,M0767,Mehr Servis MChJ,SV-000694,2025-10-10,2025-11-24,1625792.00,1625792.00,UZS,TOS
R000225,M0338,Rasulov Gulnora YaTT,SV-000696,2025-10-10,2025-11-09,8286880.00,8286880.00,UZS,FAR
R000226,M0314,Sobirov Sherzod YaTT,SV-000698,2025-10-10,2025-11-24,4572288.00,4572288.00,UZS,TOS
R000227,M0065,Toshmatov Nigora YaTT,SV-000701,2025-10-10,2025-11-24,6574974.56,6574974.56,UZS,SAM
R000228,M0275,Hamidov Kamola YaTT,SV-000702,2025-10-11,2025-11-10,2842224.00,2842224.00,UZS,BUX
R000229,M0703,Zamin Servis MChJ,SV-000709,2025-10-11,2025-11-25,2230144.00,2230144.00,UZS,FAR
R000230,M0139,Yulduz Market MChJ,SV-000713,2025-10-11,2025-10-26,9598426.88,9598426.88,UZS,SAM
R000231,M0080,Omad Invest MChJ,SV-000714,2025-10-11,2025-11-25,772128.00,772128.00,UZS,FAR
R000232,M0003,Sharq Market MChJ,SV-000715,2025-10-11,2025-10-26,1622611.20,1622611.20,UZS,SAM
R000233,M0203,Mehr Trade MChJ,SV-000717,2025-10-11,2025-10-26,3764096.00,3764096.00,UZS,SAM
R000234,M0542,Rahimov Anvar YaTT,SV-000725,2025-10-12,2025-11-11,344874.88,344874.88,UZS,TOS
R000235,M0711,Sahovat Invest MChJ,SV-000727,2025-10-12,2025-11-26,7999152.00,7999152.00,UZS,TOS
R000236,M0665,Sobirov Aziz YaTT,SV-000728,2025-10-12,2025-11-26,4301037.44,4301037.44,UZS,FAR
R000237,M0460,Nur Trade MChJ,SV-000731,2025-10-12,2025-11-26,1355585.28,1355585.28,UZS,TOS
R000238,M0312,Bunyod Market MChJ,SV-000732,2025-10-12,2025-10-27,3099622.40,3099622.40,UZS,TOS
R000239,M0181,Aliyev Otabek YaTT,SV-000735,2025-10-13,2025-11-12,9742420.80,9742420.80,UZS,TOS
R000240,M0541,Farovon Servis MChJ,SV-000743,2025-10-13,2025-10-28,2583808.64,2583808.64,UZS,SAM
R000241,M0313,Ziyo Market MChJ,SV-000746,2025-10-13,2025-11-12,4765376.00,1906150.40,UZS,TOS
R000242,M0578,Omad Invest MChJ,SV-000749,2025-10-13,2025-11-27,1644392.96,1644392.96,UZS,BUX
R000243,M0223,Rasulov Javlon YaTT,SV-000751,2025-10-13,2025-11-12,1146544.00,1146544.00,UZS,SAM
R000244,M0630,Aliyev Aziz YaTT,SV-000756,2025-10-14,2025-11-13,3170218.24,3170218.24,UZS,TOS
R000245,M0792,Yusupov Otabek YaTT,SV-000757,2025-10-14,2025-10-29,9439541.44,9439541.44,UZS,BUX
R000246,M0746,Saidov Nigora YaTT,SV-000761,2025-10-14,2025-11-13,468832.00,468832.00,UZS,SAM
R000247,M0086,Hamidov Umid YaTT,SV-000762,2025-10-14,2025-11-28,2926038.08,2926038.08,UZS,TOS
R000248,M0621,Saidov Gulnora YaTT,SV-000766,2025-10-14,2025-10-29,818832.00,818832.00,UZS,TOS
R000249,M0409,Sobirov Dilshod YaTT,SV-000770,2025-10-14,2025-11-13,5673304.00,5673304.00,UZS,FAR
R000250,M0111,Hamidov Kamola YaTT,SV-000773,2025-10-15,2025-10-30,1222200.00,1222200.00,UZS,SAM
R000251,M0155,Baraka Savdo MChJ,SV-000774,2025-10-15,2025-10-30,9062923.52,9062923.52,UZS,TOS
R000252,M0035,Oltin Market MChJ,SV-000775,2025-10-15,2025-11-14,4598031.20,4598031.20,UZS,TOS
R000253,M0212,Qodirov Javlon YaTT,SV-000777,2025-10-15,2025-10-30,4012995.84,361169.63,UZS,TOS
R000254,M0117,Sharq Savdo MChJ,SV-000778,2025-10-15,2025-11-14,7344041.60,7344041.60,UZS,SAM
R000255,M0683,Zamin Trade MChJ,SV-000783,2025-10-15,2025-11-29,3012825.76,3012825.76,UZS,TOS
R000256,M0182,Rahimov Aziz YaTT,SV-000796,2025-10-16,2025-11-15,5029360.00,1659688.80,UZS,BUX
R000257,M0706,Rahimov Nigora YaTT,SV-000797,2025-10-16,2025-10-31,2410688.00,2410688.00,UZS,TOS
R000258,M0064,Xolmatov Nodir YaTT,SV-000798,2025-10-16,2025-10-31,4939011.84,4939011.84,UZS,TOS
R000259,M0529,Yusupov Umid YaTT,SV-000803,2025-10-16,2025-11-15,3281425.28,3281425.28,UZS,SAM
R000260,M0339,Mirzayev Sardor YaTT,SV-000805,2025-10-16,2025-10-31,2692813.76,1400263.16,UZS,SAM
R000261,M0587,Oltin Trade MChJ,SV-000806,2025-10-16,2025-11-30,2237648.00,2237648.00,UZS,TOS
R000262,M0284,Sharq Market MChJ,SV-000812,2025-10-17,2025-11-16,6463161.60,4588844.74,UZS,TOS
R000263,M0672,Ziyo Trade MChJ,SV-000813,2025-10-17,2025-11-16,13369134.24,13369134.24,UZS,TOS
R000264,M0690,Rasulov Feruza YaTT,SV-000816,2025-10-17,2025-11-01,1448832.00,1448832.00,UZS,BUX
R000265,M0261,Mirzayev Gulnora YaTT,SV-000825,2025-10-17,2025-11-16,164192.00,164192.00,UZS,FAR
R000266,M0203,Mehr Trade MChJ,SV-000829,2025-10-17,2025-12-01,7478708.16,7478708.16,UZS,SAM
R000267,M0416,Yusupov Shahnoza YaTT,SV-000832,2025-10-18,2025-11-02,2014034.40,2014034.40,UZS,TOS
R000268,M0184,Xolmatov Javlon YaTT,SV-000833,2025-10-18,2025-12-02,2143706.88,1028979.30,UZS,TOS
R000269,M0056,Qodirov Dilshod YaTT,SV-000834,2025-10-18,2025-12-02,6300165.76,6300165.76,UZS,TOS
R000270,M0128,Diyor Invest MChJ,SV-000838,2025-10-18,2025-11-02,7924614.88,7924614.88,UZS,TOS
R000271,M0056,Qodirov Dilshod YaTT,SV-000839,2025-10-18,2025-12-02,1003564.80,1003564.80,UZS,TOS
R000272,M0799,Nur Invest MChJ,SV-000841,2025-10-18,2025-11-02,2394000.00,2394000.00,UZS,TOS
R000273,M0646,Mehr Savdo MChJ,SV-000846,2025-10-18,2025-12-02,7952896.00,7952896.00,UZS,TOS
R000274,M0184,Xolmatov Javlon YaTT,SV-000847,2025-10-18,2025-11-17,418320.00,50198.40,UZS,TOS
R000275,M0084,Sobirov Javlon YaTT,SV-000848,2025-10-18,2025-12-02,8619016.00,8619016.00,UZS,TOS
R000276,M0353,Diyor Savdo MChJ,SV-000852,2025-10-19,2025-11-03,1927161.60,1927161.60,UZS,BUX
R000277,M0746,Saidov Nigora YaTT,SV-000854,2025-10-19,2025-11-03,6096384.00,6096384.00,UZS,SAM
R000278,M0277,Oltin Market MChJ,SV-000859,2025-10-19,2025-11-03,3229873.92,3229873.92,UZS,FAR
R000279,M0518,Yulduz Invest MChJ,SV-000861,2025-10-19,2025-12-03,1759817.92,1759817.92,UZS,SAM
R000280,M0137,Abdullayev Anvar YaTT,SV-000863,2025-10-19,2025-12-03,8128071.84,8128071.84,UZS,SAM
R000281,M0743,Yusupov Sherzod YaTT,SV-000864,2025-10-20,2025-11-04,7868454.72,7868454.72,UZS,SAM
R000282,M0198,Oltin Invest MChJ,SV-000865,2025-10-20,2025-11-19,470955.52,470955.52,UZS,TOS
R000283,M0519,Nur Servis MChJ,SV-000868,2025-10-20,2025-11-19,5485536.00,5485536.00,UZS,SAM
R000284,M0091,Ravnaq Trade MChJ,SV-000869,2025-10-20,2025-11-19,8400448.00,8400448.00,UZS,SAM
R000285,M0189,Xolmatov Jasur YaTT,SV-000872,2025-10-20,2025-11-19,11133015.04,3896555.26,UZS,TOS
R000286,M0057,Sahovat Savdo MChJ,SV-000874,2025-10-20,2025-12-04,2908805.76,2908805.76,UZS,TOS
R000287,M0331,Nur Market MChJ,SV-000875,2025-10-20,2025-12-04,429856.00,429856.00,UZS,TOS
R000288,M0562,Rasulov Jasur YaTT,SV-000877,2025-10-20,2025-11-19,2924270.72,2924270.72,UZS,BUX
R000289,M0700,Baraka Savdo MChJ,SV-000878,2025-10-20,2025-11-19,4528832.00,4528832.00,UZS,SAM
R000290,M0293,Nazarov Javlon YaTT,SV-000880,2025-10-20,2025-12-04,2037840.00,2037840.00,UZS,TOS
R000291,M0658,Aliyev Malika YaTT,SV-000881,2025-10-20,2025-12-04,3779776.00,3779776.00,UZS,TOS
R000292,M0333,Diyor Savdo MChJ,SV-000888,2025-10-21,2025-12-05,1641472.00,410368.00,UZS,TOS
R000293,M0291,Sharq Trade MChJ,SV-000890,2025-10-21,2025-12-05,4818759.68,4818759.68,UZS,FAR
R000294,M0287,Sahovat Invest MChJ,SV-000891,2025-10-21,2025-12-05,2026003.84,2026003.84,UZS,SAM
R000295,M0727,Mehr Invest MChJ,SV-000893,2025-10-21,2025-11-05,8143190.72,162863.81,UZS,SAM
R000296,M0491,Sobirov Malika YaTT,SV-000894,2025-10-21,2025-12-05,1073049.60,1073049.60,UZS,BUX
R000297,M0281,Sobirov Rustam YaTT,SV-000900,2025-10-21,2025-12-05,87360.00,87360.00,UZS,TOS
R000298,M0515,Qodirov Feruza YaTT,SV-000902,2025-10-21,2025-11-05,8560130.88,8560130.88,UZS,FAR
R000299,M0641,Nazarov Jasur YaTT,SV-000903,2025-10-21,2025-12-05,12514714.24,12514714.24,UZS,TOS
R000300,M0253,Mirzayev Malika YaTT,SV-000906,2025-10-22,2025-11-21,9647321.60,9647321.60,UZS,FAR
R000301,M0219,Toshmatov Malika YaTT,SV-000909,2025-10-22,2025-12-06,43792.00,43792.00,UZS,TOS
R000302,M0241,Baraka Invest MChJ,SV-000911,2025-10-22,2025-11-06,2641856.00,2641856.00,UZS,TOS
R000303,M0737,Abdullayev Sherzod YaTT,SV-000918,2025-10-22,2025-11-21,2444469.44,2444469.44,UZS,SAM
R000304,M0305,Sobirov Malika YaTT,SV-000919,2025-10-22,2025-11-21,5163155.20,5163155.20,UZS,TOS
R000305,M0539,Toshmatov Bekzod YaTT,SV-000921,2025-10-22,2025-11-06,1728608.00,1728608.00,UZS,TOS
R000306,M0743,Yusupov Sherzod YaTT,SV-000922,2025-10-22,2025-11-21,2519776.00,2519776.00,UZS,SAM
R000307,M0100,Sahovat Servis MChJ,SV-000927,2025-10-23,2025-12-07,12968225.76,12968225.76,UZS,TOS
R000308,M0039,Hamidov Gulnora YaTT,SV-000935,2025-10-23,2025-11-22,4667145.28,4667145.28,UZS,TOS
R000309,M0128,Diyor Invest MChJ,SV-000936,2025-10-23,2025-12-07,538832.00,538832.00,UZS,TOS
R000310,M0154,Rasulov Shahnoza YaTT,SV-000939,2025-10-23,2025-11-22,6033932.80,0.00,UZS,TOS
R000311,M0224,Nazarov Dilnoza YaTT,SV-000946,2025-10-24,2025-11-08,6953465.12,6953465.12,UZS,TOS
R000312,M0717,Farovon Market MChJ,SV-000950,2025-10-24,2025-11-08,450576.00,450576.00,UZS,FAR
R000313,M0113,Qodirov Zarina YaTT,SV-000956,2025-10-25,2025-12-09,4572288.00,4572288.00,UZS,FAR
R000314,M0262,Baraka Market MChJ,SV-000958,2025-10-25,2025-11-24,2516881.92,2516881.92,UZS,FAR
R000315,M0538,Bunyod Trade MChJ,SV-000959,2025-10-25,2025-12-09,10581997.44,10581997.44,UZS,FAR
R000316,M0083,Toshmatov Otabek YaTT,SV-000961,2025-10-25,2025-11-24,650496.00,650496.00,UZS,TOS
R000317,M0415,Sharq Servis MChJ,SV-000964,2025-10-25,2025-12-09,4297856.64,2406799.72,UZS,TOS
R000318,M0018,Nazarov Gulnora YaTT,SV-000965,2025-10-25,2025-11-24,6025035.52,6025035.52,UZS,TOS
R000319,M0085,Yusupov Shahnoza YaTT,SV-000970,2025-10-25,2025-11-24,2467241.28,1134930.99,UZS,TOS
R000320,M0724,Ergashev Sardor YaTT,SV-000973,2025-10-26,2025-12-10,323326.08,323326.08,UZS,SAM
R000321,M0163,Nur Invest MChJ,SV-000974,2025-10-26,2025-11-25,1030776.32,1030776.32,UZS,TOS
R000322,M0374,Nur Invest MChJ,SV-000975,2025-10-26,2025-12-10,5466838.72,5466838.72,UZS,FAR
R000323,M0758,Aliyev Umid YaTT,SV-000977,2025-10-26,2025-11-25,4389826.56,4389826.56,UZS,BUX
R000324,M0490,Rahimov Umid YaTT,SV-000979,2025-10-26,2025-11-10,3503790.08,3503790.08,UZS,TOS
R000325,M0057,Sahovat Savdo MChJ,SV-000984,2025-10-26,2025-11-10,9380566.72,9380566.72,UZS,TOS
R000326,M0094,Mirzayev Shahnoza YaTT,SV-000985,2025-10-26,2025-11-25,2182783.68,2182783.68,UZS,FAR
R000327,M0446,Ziyo Market MChJ,SV-000987,2025-10-27,2025-11-26,1558822.72,1558822.72,UZS,TOS
R000328,M0365,Xolmatov Jasur YaTT,SV-000991,2025-10-27,2025-11-26,3676321.60,3676321.60,UZS,TOS
R000329,M0328,Saidov Otabek YaTT,SV-000992,2025-10-27,2025-11-26,406448.00,223546.40,UZS,FAR
R000330,M0537,Rahimov Rustam YaTT,SV-000994,2025-10-27,2025-12-11,5176640.00,5176640.00,UZS,BUX
R000331,M0792,Yusupov Otabek YaTT,SV-000995,2025-10-27,2025-12-11,1964065.60,1964065.60,UZS,BUX
R000332,M0667,Nur Invest MChJ,SV-000998,2025-10-27,2025-11-26,6609999.20,6609999.20,UZS,BUX
R000333,M0191,Nazarov Otabek YaTT,SV-000999,2025-10-27,2025-11-11,8776942.72,8776942.72,UZS,TOS
R000334,M0328,Saidov Otabek YaTT,SV-001002,2025-10-27,2025-12-11,2076748.80,2076748.80,UZS,FAR
R000335,M0447,Istiqbol Trade MChJ,SV-001003,2025-10-28,2025-12-12,13762224.00,13762224.00,UZS,FAR
R000336,M0795,Istiqbol Invest MChJ,SV-001005,2025-10-28,2025-12-12,5390855.68,5390855.68,UZS,FAR
R000337,M0053,Bunyod Servis MChJ,SV-001007,2025-10-28,2025-11-27,2115538.88,825060.16,UZS,BUX
R000338,M0780,Zamin Servis MChJ,SV-001014,2025-10-28,2025-12-12,171360.00,171360.00,UZS,TOS
R000339,M0375,Bunyod Market MChJ,SV-001024,2025-10-29,2025-11-13,6727757.12,6727757.12,UZS,SAM
R000340,M0051,Xolmatov Sardor YaTT,SV-001027,2025-10-29,2025-12-13,6203792.00,6203792.00,UZS,FAR
R000341,M0324,Ergashev Sherzod YaTT,SV-001028,2025-10-29,2025-11-13,2948270.08,2948270.08,UZS,SAM
R000342,M0432,Ravnaq Servis MChJ,SV-001030,2025-10-29,2025-11-28,1225616.00,1225616.00,UZS,TOS
R000343,M0541,Farovon Servis MChJ,SV-001032,2025-10-29,2025-11-13,5536652.80,5536652.80,UZS,SAM
R000344,M0332,Nur Servis MChJ,SV-001034,2025-10-29,2025-11-28,1930544.00,1930544.00,UZS,FAR
R000345,M0798,Ravnaq Market MChJ,SV-001035,2025-10-29,2025-11-28,2579010.56,2579010.56,UZS,SAM
R000346,M0577,Bunyod Invest MChJ,SV-001036,2025-10-29,2025-11-28,2032128.00,40642.56,UZS,TOS
R000347,M0592,Sahovat Market MChJ,SV-001038,2025-10-29,2025-11-13,2017285.76,262247.15,UZS,TOS
R000348,M0119,Bunyod Trade MChJ,SV-001039,2025-10-29,2025-11-13,2899912.96,2899912.96,UZS,FAR
R000349,M0540,Rahimov Shahnoza YaTT,SV-001044,2025-10-30,2025-12-14,1870180.48,1870180.48,UZS,BUX
R000350,M0291,Sharq Trade MChJ,SV-001045,2025-10-30,2025-12-14,2900912.00,2900912.00,UZS,FAR
R000351,M0676,Karimov Umid YaTT,SV-001047,2025-10-30,2025-11-14,943936.00,943936.00,UZS,TOS
R000352,M0773,Bunyod Invest MChJ,SV-001050,2025-10-30,2025-12-14,1065960.00,1065960.00,UZS,FAR
R000353,M0008,Aliyev Sherzod YaTT,SV-001052,2025-10-30,2025-11-14,2879849.28,2879849.28,UZS,FAR
R000354,M0243,Mirzayev Dilshod YaTT,SV-001054,2025-10-30,2025-11-29,9144576.00,9144576.00,UZS,BUX
R000355,M0780,Zamin Servis MChJ,SV-001057,2025-10-30,2025-12-14,1366995.84,1366995.84,UZS,TOS
R000356,M0569,Abdullayev Javlon YaTT,SV-001058,2025-10-30,2025-12-14,1380512.00,1380512.00,UZS,SAM
R000357,M0143,Saidov Sardor YaTT,SV-001059,2025-10-30,2025-12-14,14633664.64,14633664.64,UZS,FAR
R000358,M0787,Farovon Market MChJ,SV-001060,2025-10-30,2025-11-29,6407896.32,6407896.32,UZS,TOS
R000359,M0345,Sahovat Market MChJ,SV-001062,2025-10-31,2025-12-15,8174154.24,8174154.24,UZS,TOS
R000360,M0631,Hamidov Aziz YaTT,SV-001063,2025-10-31,2025-11-30,5722794.56,5722794.56,UZS,TOS
R000361,M0605,Istiqbol Market MChJ,SV-001064,2025-10-31,2025-12-15,3271744.00,3271744.00,UZS,SAM
R000362,M0348,Tong Invest MChJ,SV-001066,2025-10-31,2025-11-30,1206419.20,1206419.20,UZS,BUX
R000363,M0362,Ergashev Dilnoza YaTT,SV-001067,2025-10-31,2025-11-30,4139045.12,4139045.12,UZS,SAM
R000364,M0723,Aliyev Anvar YaTT,SV-001069,2025-10-31,2025-11-30,1674619.52,971279.32,UZS,BUX
R000365,M0785,Rasulov Dilnoza YaTT,SV-001079,2025-10-31,2025-12-15,2235296.00,2235296.00,UZS,TOS
R000366,M0749,Omad Trade MChJ,SV-001081,2025-11-01,2025-11-16,3741539.20,3741539.20,UZS,BUX
R000367,M0743,Yusupov Sherzod YaTT,SV-001083,2025-11-01,2025-12-16,4249168.00,4249168.00,UZS,SAM
R000368,M0696,Yusupov Jasur YaTT,SV-001087,2025-11-01,2025-12-16,1213356.48,1213356.48,UZS,TOS
R000369,M0519,Nur Servis MChJ,SV-001088,2025-11-01,2025-12-01,2363712.96,2363712.96,UZS,SAM
R000370,M0459,Istiqbol Servis MChJ,SV-001091,2025-11-01,2025-12-16,1111264.00,1111264.00,UZS,BUX
R000371,M0525,Yulduz Savdo MChJ,SV-001092,2025-11-01,2025-11-16,216160.00,216160.00,UZS,SAM
R000372,M0111,Hamidov Kamola YaTT,SV-001099,2025-11-01,2025-12-01,767424.00,767424.00,UZS,SAM
R000373,M0566,Sharq Invest MChJ,SV-001100,2025-11-01,2025-11-16,11842544.00,11842544.00,UZS,SAM
R000374,M0606,Mirzayev Nigora YaTT,SV-001102,2025-11-01,2025-12-01,8479838.08,8479838.08,UZS,TOS
R000375,M0271,Mehr Trade MChJ,SV-001104,2025-11-02,2025-12-17,13527355.52,13527355.52,UZS,FAR
R000376,M0588,Aliyev Nigora YaTT,SV-001107,2025-11-02,2025-12-02,1627015.04,1025019.48,UZS,BUX
R000377,M0309,Rasulov Aziz YaTT,SV-001109,2025-11-02,2025-12-17,3926478.08,3926478.08,UZS,FAR
R000378,M0302,Xolmatov Javlon YaTT,SV-001110,2025-11-02,2025-12-17,934778.88,934778.88,UZS,FAR
R000379,M0791,Sharq Invest MChJ,SV-001111,2025-11-02,2025-12-02,980528.64,205911.01,UZS,TOS
R000380,M0339,Mirzayev Sardor YaTT,SV-001125,2025-11-03,2025-12-18,2279390.40,2279390.40,UZS,SAM
R000381,M0651,Sharq Market MChJ,SV-001128,2025-11-03,2025-12-03,4184472.32,4184472.32,UZS,TOS
R000382,M0657,Bunyod Savdo MChJ,SV-001131,2025-11-03,2025-12-03,4858672.00,2283575.84,UZS,SAM
R000383,M0783,Nazarov Dilnoza YaTT,SV-001132,2025-11-03,2025-11-18,7194835.20,7194835.20,UZS,BUX
R000384,M0141,Karimov Bekzod YaTT,SV-001140,2025-11-04,2025-12-19,3339472.64,3339472.64,UZS,TOS
R000385,M0240,Mirzayev Javlon YaTT,SV-001145,2025-11-04,2025-11-19,7432768.00,7432768.00,UZS,TOS
R000386,M0693,Sharq Invest MChJ,SV-001147,2025-11-04,2025-11-19,1771056.00,1771056.00,UZS,BUX
R000387,M0452,Qodirov Sherzod YaTT,SV-001150,2025-11-04,2025-12-19,5664466.08,5664466.08,UZS,FAR
R000388,M0421,Yusupov Anvar YaTT,SV-001151,2025-11-04,2025-11-19,194544.00,194544.00,UZS,BUX
R000389,M0318,Yulduz Invest MChJ,SV-001153,2025-11-04,2025-12-04,4061240.96,4061240.96,UZS,BUX
R000390,M0765,Xolmatov Dilshod YaTT,SV-001161,2025-11-05,2025-11-20,1169772.80,1169772.80,UZS,BUX
R000391,M0737,Abdullayev Sherzod YaTT,SV-001163,2025-11-05,2025-12-05,4718896.00,4718896.00,UZS,SAM
R000392,M0636,Karimov Zarina YaTT,SV-001164,2025-11-05,2025-12-05,5604256.00,2129617.28,UZS,BUX
R000393,M0442,Abdullayev Dilshod YaTT,SV-001167,2025-11-05,2025-12-05,23657200.00,23657200.00,UZS,SAM
R000394,M0415,Sharq Servis MChJ,SV-001168,2025-11-05,2025-12-20,1802217.76,1802217.76,UZS,TOS
R000395,M0058,Tong Market MChJ,SV-001171,2025-11-05,2025-11-20,688453.92,688453.92,UZS,SAM
R000396,M0396,Saidov Nigora YaTT,SV-001173,2025-11-06,2025-11-21,4564044.80,4564044.80,UZS,SAM
R000397,M0373,Rasulov Rustam YaTT,SV-001180,2025-11-06,2025-12-21,864640.00,864640.00,UZS,FAR
R000398,M0713,Mehr Invest MChJ,SV-001181,2025-11-06,2025-11-21,3062176.32,3062176.32,UZS,BUX
R000399,M0065,Toshmatov Nigora YaTT,SV-001190,2025-11-06,2025-12-06,7341234.88,7341234.88,UZS,SAM
R000400,M0545,Istiqbol Savdo MChJ,SV-001194,2025-11-07,2025-12-22,6488858.88,6488858.88,UZS,TOS
R000401,M0586,Abdullayev Gulnora YaTT,SV-001197,2025-11-07,2025-12-22,529453.12,529453.12,UZS,TOS
R000402,M0631,Hamidov Aziz YaTT,SV-001198,2025-11-07,2025-12-07,3321318.56,3321318.56,UZS,TOS
R000403,M0206,Mirzayev Dilshod YaTT,SV-001199,2025-11-07,2025-12-07,9152006.08,9152006.08,UZS,SAM
R000404,M0037,Aliyev Sherzod YaTT,SV-001204,2025-11-07,2025-11-22,14619808.00,14619808.00,UZS,TOS
R000405,M0473,Ziyo Market MChJ,SV-001205,2025-11-07,2025-11-22,5756724.96,5756724.96,UZS,TOS
R000406,M0340,Toshmatov Aziz YaTT,SV-001208,2025-11-07,2025-11-22,2504465.60,1753125.92,UZS,TOS
R000407,M0435,Ravnaq Invest MChJ,SV-001211,2025-11-08,2025-12-23,3854394.88,1002142.67,UZS,SAM
R000408,M0493,Ziyo Savdo MChJ,SV-001214,2025-11-08,2025-12-23,6497144.64,6497144.64,UZS,SAM
R000409,M0373,Rasulov Rustam YaTT,SV-001217,2025-11-08,2025-12-08,2530643.36,2530643.36,UZS,FAR
R000410,M0435,Ravnaq Invest MChJ,SV-001220,2025-11-08,2025-12-23,2771664.00,360316.32,UZS,SAM
R000411,M0585,Aliyev Malika YaTT,SV-001222,2025-11-08,2025-12-23,4321367.68,4321367.68,UZS,FAR
R000412,M0336,Rahimov Shahnoza YaTT,SV-001224,2025-11-08,2025-12-23,13521768.96,13521768.96,UZS,TOS
R000413,M0178,Omad Servis MChJ,SV-001225,2025-11-08,2025-12-23,11306373.12,11306373.12,UZS,SAM
R000414,M0191,Nazarov Otabek YaTT,SV-001226,2025-11-08,2025-12-08,533856.96,533856.96,UZS,TOS
R000415,M0003,Sharq Market MChJ,SV-001233,2025-11-09,2025-11-24,129696.00,129696.00,UZS,SAM
R000416,M0658,Aliyev Malika YaTT,SV-001235,2025-11-09,2025-11-24,5008846.08,5008846.08,UZS,TOS
R000417,M0500,Diyor Savdo MChJ,SV-001237,2025-11-09,2025-12-24,296352.00,296352.00,UZS,TOS
R000418,M0338,Rasulov Gulnora YaTT,SV-001238,2025-11-09,2025-12-09,4456256.00,4456256.00,UZS,FAR
R000419,M0791,Sharq Invest MChJ,SV-001244,2025-11-09,2025-12-09,2877952.00,777047.04,UZS,TOS
R000420,M0123,Nur Trade MChJ,SV-001245,2025-11-09,2025-12-09,3502396.80,3502396.80,UZS,BUX
R000421,M0355,Nur Savdo MChJ,SV-001250,2025-11-10,2025-12-10,6552069.44,6552069.44,UZS,FAR
R000422,M0480,Zamin Savdo MChJ,SV-001252,2025-11-10,2025-12-25,3453607.36,3453607.36,UZS,SAM
R000423,M0794,Sahovat Servis MChJ,SV-001254,2025-11-10,2025-11-25,3604863.36,3604863.36,UZS,TOS
R000424,M0210,Nur Market MChJ,SV-001255,2025-11-10,2025-11-25,7199096.80,7199096.80,UZS,TOS
R000425,M0150,Karimov Zarina YaTT,SV-001259,2025-11-10,2025-12-10,6144768.00,6144768.00,UZS,TOS
R000426,M0226,Sahovat Market MChJ,SV-001260,2025-11-10,2025-12-10,3424736.00,3424736.00,UZS,TOS
R000427,M0802,Nur Import MChJ,SV-001262,2025-11-10,2025-12-10,363.17,363.17,USD,TOS
R000428,M0331,Nur Market MChJ,SV-001263,2025-11-10,2025-12-25,3879079.68,3879079.68,UZS,TOS
R000429,M0375,Bunyod Market MChJ,SV-001275,2025-11-11,2025-12-11,870464.00,870464.00,UZS,SAM
R000430,M0457,Nazarov Nigora YaTT,SV-001276,2025-11-11,2025-12-11,5767599.04,5767599.04,UZS,SAM
R000431,M0654,Baraka Servis MChJ,SV-001277,2025-11-11,2025-11-26,8680819.84,8680819.84,UZS,TOS
R000432,M0790,Ravnaq Savdo MChJ,SV-001282,2025-11-11,2025-12-11,4380992.00,4380992.00,UZS,BUX
R000433,M0037,Aliyev Sherzod YaTT,SV-001288,2025-11-12,2025-11-27,741888.00,741888.00,UZS,TOS
R000434,M0365,Xolmatov Jasur YaTT,SV-001290,2025-11-12,2025-12-12,2681840.00,2681840.00,UZS,TOS
R000435,M0035,Oltin Market MChJ,SV-001299,2025-11-12,2025-12-27,176624.00,176624.00,UZS,TOS
R000436,M0783,Nazarov Dilnoza YaTT,SV-001300,2025-11-12,2025-12-12,15598087.68,15598087.68,UZS,BUX
R000437,M0808,Omad Import MChJ,SV-001305,2025-11-12,2025-12-27,1073.79,1073.79,USD,TOS
R000438,M0489,Ravnaq Savdo MChJ,SV-001307,2025-11-12,2025-12-12,2339295.84,2339295.84,UZS,FAR
R000439,M0709,Ziyo Servis MChJ,SV-001308,2025-11-12,2025-12-27,5911711.68,5911711.68,UZS,TOS
R000440,M0381,Farovon Servis MChJ,SV-001316,2025-11-13,2025-11-28,14769574.40,14769574.40,UZS,FAR
R000441,M0617,Ziyo Market MChJ,SV-001319,2025-11-13,2025-12-13,304528.00,261894.08,UZS,FAR
R000442,M0003,Sharq Market MChJ,SV-001320,2025-11-13,2025-11-28,795760.00,795760.00,UZS,SAM
R000443,M0263,Rahimov Dilshod YaTT,SV-001322,2025-11-13,2025-11-28,1784600.16,1784600.16,UZS,BUX
R000444,M0415,Sharq Servis MChJ,SV-001326,2025-11-13,2025-11-28,5731743.36,5731743.36,UZS,TOS
R000445,M0070,Toshmatov Malika YaTT,SV-001327,2025-11-14,2025-12-14,2598276.80,2598276.80,UZS,TOS
R000446,M0582,Nazarov Shahnoza YaTT,SV-001329,2025-11-14,2025-12-14,2024512.00,2024512.00,UZS,TOS
R000447,M0633,Toshmatov Shahnoza YaTT,SV-001332,2025-11-14,2025-12-29,2934458.24,2934458.24,UZS,FAR
R000448,M0707,Abdullayev Gulnora YaTT,SV-001334,2025-11-14,2025-11-29,1075312.00,526902.88,UZS,BUX
R000449,M0327,Qodirov Zarina YaTT,SV-001340,2025-11-14,2025-12-14,10679782.40,10679782.40,UZS,TOS
R000450,M0700,Baraka Savdo MChJ,SV-001342,2025-11-14,2025-12-29,12070786.56,12070786.56,UZS,SAM
R000451,M0804,Ziyo Import MChJ,SV-001344,2025-11-14,2025-11-29,496.94,496.94,USD,TOS
R000452,M0804,Ziyo Import MChJ,SV-001346,2025-11-15,2025-11-30,591.66,591.66,USD,TOS
R000453,M0653,Sahovat Trade MChJ,SV-001347,2025-11-15,2025-12-15,7877184.00,7877184.00,UZS,FAR
R000454,M0140,Hamidov Anvar YaTT,SV-001351,2025-11-15,2025-12-30,1536192.00,1536192.00,UZS,FAR
R000455,M0728,Rasulov Shahnoza YaTT,SV-001353,2025-11-15,2025-12-30,3131143.68,3131143.68,UZS,FAR
R000456,M0649,Oltin Servis MChJ,SV-001354,2025-11-15,2025-12-15,1990240.00,1990240.00,UZS,BUX
R000457,M0643,Mirzayev Dilnoza YaTT,SV-001355,2025-11-15,2025-11-30,4126375.68,4126375.68,UZS,BUX
R000458,M0259,Ergashev Jasur YaTT,SV-001366,2025-11-15,2025-12-15,5353471.20,5353471.20,UZS,TOS
R000459,M0571,Ziyo Invest MChJ,SV-001367,2025-11-15,2025-11-30,1211624.96,1211624.96,UZS,BUX
R000460,M0361,Tong Invest MChJ,SV-001369,2025-11-15,2025-12-15,3898298.88,3898298.88,UZS,FAR
R000461,M0479,Hamidov Dilshod YaTT,SV-001372,2025-11-16,2025-12-01,8547042.56,8547042.56,UZS,TOS
R000462,M0718,Sharq Market MChJ,SV-001373,2025-11-16,2025-12-16,4931460.80,4931460.80,UZS,FAR
R000463,M0547,Aliyev Jasur YaTT,SV-001378,2025-11-16,2025-12-01,188707.68,188707.68,UZS,FAR
R000464,M0669,Saidov Nodir YaTT,SV-001379,2025-11-16,2025-12-16,10576048.00,10576048.00,UZS,SAM
R000465,M0586,Abdullayev Gulnora YaTT,SV-001380,2025-11-17,2025-12-02,6934144.00,6934144.00,UZS,TOS
R000466,M0150,Karimov Zarina YaTT,SV-001381,2025-11-17,2025-12-02,22809414.88,22809414.88,UZS,TOS
R000467,M0261,Mirzayev Gulnora YaTT,SV-001385,2025-11-17,2025-12-17,2492828.80,2492828.80,UZS,FAR
R000468,M0683,Zamin Trade MChJ,SV-001390,2025-11-17,2026-01-01,5580624.00,5580624.00,UZS,TOS
R000469,M0144,Bunyod Trade MChJ,SV-001392,2025-11-17,2025-12-17,5279008.00,5279008.00,UZS,BUX
R000470,M0195,Istiqbol Invest MChJ,SV-001393,2025-11-17,2025-12-17,1000053.60,1000053.60,UZS,SAM
R000471,M0435,Ravnaq Invest MChJ,SV-001396,2025-11-18,2025-12-18,4608576.00,829543.68,UZS,SAM
R000472,M0501,Saidov Javlon YaTT,SV-001397,2025-11-18,2025-12-03,1376471.04,1376471.04,UZS,BUX
R000473,M0417,Rahimov Nigora YaTT,SV-001404,2025-11-18,2025-12-03,91488.32,91488.32,UZS,TOS
R000474,M0297,Nur Savdo MChJ,SV-001410,2025-11-18,2025-12-03,6327233.92,6327233.92,UZS,TOS
R000475,M0299,Abdullayev Nodir YaTT,SV-001412,2025-11-18,2026-01-02,1564669.12,1392555.52,UZS,FAR
R000476,M0629,Omad Market MChJ,SV-001414,2025-11-18,2025-12-18,2452578.24,2452578.24,UZS,BUX
R000477,M0452,Qodirov Sherzod YaTT,SV-001415,2025-11-18,2026-01-02,514084.48,514084.48,UZS,FAR
R000478,M0626,Rasulov Zarina YaTT,SV-001417,2025-11-18,2025-12-03,4530288.00,4530288.00,UZS,SAM
R000479,M0175,Ravnaq Savdo MChJ,SV-001418,2025-11-19,2025-12-04,3260570.88,3260570.88,UZS,FAR
R000480,M0508,Ravnaq Servis MChJ,SV-001419,2025-11-19,2026-01-03,3784291.84,3784291.84,UZS,BUX
R000481,M0613,Sahovat Savdo MChJ,SV-001420,2025-11-19,2025-12-04,477550.08,477550.08,UZS,TOS
R000482,M0142,Bunyod Invest MChJ,SV-001427,2025-11-19,2026-01-03,2866304.00,2866304.00,UZS,TOS
R000483,M0553,Qodirov Sherzod YaTT,SV-001428,2025-11-19,2026-01-03,3741588.48,3741588.48,UZS,SAM
R000484,M0060,Nazarov Umid YaTT,SV-001432,2025-11-19,2026-01-03,3067074.08,3067074.08,UZS,SAM
R000485,M0296,Nazarov Feruza YaTT,SV-001433,2025-11-19,2026-01-03,819392.00,819392.00,UZS,TOS
R000486,M0449,Sobirov Javlon YaTT,SV-001437,2025-11-19,2025-12-19,3091350.08,3091350.08,UZS,BUX
R000487,M0066,Sahovat Servis MChJ,SV-001439,2025-11-19,2026-01-03,1178800.00,1178800.00,UZS,FAR
R000488,M0145,Abdullayev Kamola YaTT,SV-001443,2025-11-20,2025-12-05,1435492.80,1435492.80,UZS,TOS
R000489,M0464,Istiqbol Servis MChJ,SV-001444,2025-11-20,2025-12-20,6495552.00,6495552.00,UZS,TOS
R000490,M0401,Oltin Servis MChJ,SV-001446,2025-11-20,2025-12-05,11821965.12,11821965.12,UZS,FAR
R000491,M0433,Rahimov Nigora YaTT,SV-001451,2025-11-20,2025-12-20,5596795.68,4645340.41,UZS,TOS
R000492,M0500,Diyor Savdo MChJ,SV-001453,2025-11-20,2025-12-05,896313.60,896313.60,UZS,TOS
R000493,M0196,Nazarov Sardor YaTT,SV-001463,2025-11-21,2026-01-05,3366657.28,3366657.28,UZS,BUX
R000494,M0101,Diyor Servis MChJ,SV-001465,2025-11-21,2026-01-05,6723440.64,6723440.64,UZS,TOS
R000495,M0415,Sharq Servis MChJ,SV-001466,2025-11-21,2026-01-05,1467648.00,1467648.00,UZS,TOS
R000496,M0202,Hamidov Umid YaTT,SV-001467,2025-11-21,2025-12-21,2376980.48,2376980.48,UZS,FAR
R000497,M0621,Saidov Gulnora YaTT,SV-001468,2025-11-21,2025-12-21,5630626.40,5630626.40,UZS,TOS
R000498,M0569,Abdullayev Javlon YaTT,SV-001471,2025-11-21,2025-12-06,16652160.00,16652160.00,UZS,SAM
R000499,M0431,Tong Market MChJ,SV-001475,2025-11-21,2026-01-05,2881863.04,2881863.04,UZS,BUX
R000500,M0725,Omad Invest MChJ,SV-001478,2025-11-21,2025-12-06,14933466.24,14933466.24,UZS,BUX
R000501,M0648,Karimov Zarina YaTT,SV-001479,2025-11-22,2025-12-07,9619977.92,2308794.70,UZS,BUX
R000502,M0062,Xolmatov Gulnora YaTT,SV-001480,2025-11-22,2025-12-07,5685008.00,5685008.00,UZS,TOS
R000503,M0189,Xolmatov Jasur YaTT,SV-001482,2025-11-22,2026-01-06,2871944.32,861583.30,UZS,TOS
R000504,M0529,Yusupov Umid YaTT,SV-001484,2025-11-22,2025-12-07,2963072.00,2963072.00,UZS,SAM
R000505,M0651,Sharq Market MChJ,SV-001486,2025-11-22,2025-12-07,5872369.44,5872369.44,UZS,TOS
R000506,M0310,Diyor Savdo MChJ,SV-001489,2025-11-22,2025-12-07,7850503.36,7850503.36,UZS,BUX
R000507,M0777,Istiqbol Invest MChJ,SV-001493,2025-11-22,2026-01-06,386167.04,386167.04,UZS,SAM
R000508,M0554,Rahimov Jasur YaTT,SV-001494,2025-11-22,2025-12-22,10866464.00,10866464.00,UZS,TOS
R000509,M0711,Sahovat Invest MChJ,SV-001496,2025-11-22,2026-01-06,6301106.56,6301106.56,UZS,TOS
R000510,M0779,Omad Savdo MChJ,SV-001497,2025-11-22,2026-01-06,1015549.92,1015549.92,UZS,TOS
R000511,M0076,Ergashev Malika YaTT,SV-001498,2025-11-22,2026-01-06,9397584.00,9397584.00,UZS,BUX
R000512,M0367,Yusupov Rustam YaTT,SV-001499,2025-11-22,2025-12-22,6335472.64,6335472.64,UZS,FAR
R000513,M0124,Rahimov Rustam YaTT,SV-001505,2025-11-23,2025-12-08,7527229.92,7527229.92,UZS,TOS
R000514,M0295,Saidov Shahnoza YaTT,SV-001508,2025-11-23,2025-12-23,3837344.00,3837344.00,UZS,TOS
R000515,M0363,Ziyo Savdo MChJ,SV-001510,2025-11-23,2025-12-08,3261950.72,3261950.72,UZS,TOS
R000516,M0249,Rahimov Dilshod YaTT,SV-001512,2025-11-24,2026-01-08,3843840.00,3843840.00,UZS,SAM
R000517,M0497,Toshmatov Dilshod YaTT,SV-001515,2025-11-24,2025-12-09,408576.00,408576.00,UZS,BUX
R000518,M0287,Sahovat Invest MChJ,SV-001516,2025-11-24,2025-12-24,3231648.00,3231648.00,UZS,SAM
R000519,M0761,Yulduz Market MChJ,SV-001517,2025-11-24,2025-12-09,5336800.00,5336800.00,UZS,TOS
R000520,M0743,Yusupov Sherzod YaTT,SV-001521,2025-11-24,2025-12-09,9476069.12,9476069.12,UZS,SAM
R000521,M0794,Sahovat Servis MChJ,SV-001523,2025-11-24,2025-12-24,11265408.00,11265408.00,UZS,TOS
R000522,M0125,Istiqbol Market MChJ,SV-001526,2025-11-24,2025-12-24,6411552.00,1154079.36,UZS,BUX
R000523,M0535,Ravnaq Trade MChJ,SV-001527,2025-11-24,2026-01-08,4878137.60,4878137.60,UZS,TOS
R000524,M0787,Farovon Market MChJ,SV-001528,2025-11-24,2025-12-24,12043745.28,12043745.28,UZS,TOS
R000525,M0037,Aliyev Sherzod YaTT,SV-001541,2025-11-25,2026-01-09,11602272.64,11602272.64,UZS,TOS
R000526,M0205,Ergashev Shahnoza YaTT,SV-001550,2025-11-25,2025-12-25,9121469.28,4013446.48,UZS,SAM
R000527,M0643,Mirzayev Dilnoza YaTT,SV-001551,2025-11-25,2025-12-10,1913985.92,1913985.92,UZS,BUX
R000528,M0502,Aliyev Rustam YaTT,SV-001552,2025-11-25,2026-01-09,2074800.00,2074800.00,UZS,FAR
R000529,M0121,Diyor Market MChJ,SV-001556,2025-11-25,2025-12-10,843360.00,843360.00,UZS,TOS
R000530,M0450,Aliyev Sherzod YaTT,SV-001559,2025-11-26,2026-01-10,11468878.40,9289791.50,UZS,SAM
R000531,M0699,Mirzayev Aziz YaTT,SV-001560,2025-11-26,2025-12-26,2205745.92,2205745.92,UZS,TOS
R000532,M0160,Qodirov Rustam YaTT,SV-001562,2025-11-26,2025-12-11,1989120.00,1989120.00,UZS,FAR
R000533,M0305,Sobirov Malika YaTT,SV-001564,2025-11-26,2026-01-10,2561704.32,2561704.32,UZS,TOS
R000534,M0423,Toshmatov Zarina YaTT,SV-001569,2025-11-26,2025-12-26,1279460.00,1279460.00,UZS,FAR
R000535,M0686,Rasulov Otabek YaTT,SV-001570,2025-11-26,2025-12-11,5545780.80,5545780.80,UZS,BUX
R000536,M0615,Nur Servis MChJ,SV-001571,2025-11-26,2026-01-10,1124480.00,1124480.00,UZS,FAR
R000537,M0676,Karimov Umid YaTT,SV-001572,2025-11-26,2026-01-10,5780756.80,5780756.80,UZS,TOS
R000538,M0449,Sobirov Javlon YaTT,SV-001575,2025-11-26,2025-12-11,12492936.96,12492936.96,UZS,BUX
R000539,M0560,Baraka Trade MChJ,SV-001576,2025-11-26,2025-12-11,5610371.20,1290385.38,UZS,TOS
R000540,M0055,Ziyo Invest MChJ,SV-001584,2025-11-27,2025-12-27,6576736.32,6576736.32,UZS,TOS
R000541,M0008,Aliyev Sherzod YaTT,SV-001594,2025-11-27,2025-12-27,10866464.00,10866464.00,UZS,FAR
R000542,M0758,Aliyev Umid YaTT,SV-001597,2025-11-27,2025-12-12,4516520.96,4516520.96,UZS,BUX
R000543,M0680,Mirzayev Malika YaTT,SV-001600,2025-11-27,2025-12-12,3735726.40,3735726.40,UZS,FAR
R000544,M0676,Karimov Umid YaTT,SV-001601,2025-11-27,2025-12-27,169344.00,169344.00,UZS,TOS
R000545,M0190,Rahimov Nodir YaTT,SV-001610,2025-11-28,2025-12-28,353472.00,353472.00,UZS,TOS
R000546,M0223,Rasulov Javlon YaTT,SV-001613,2025-11-28,2026-01-12,1855571.20,1855571.20,UZS,SAM
R000547,M0484,Baraka Savdo MChJ,SV-001614,2025-11-28,2025-12-13,4039801.92,4039801.92,UZS,BUX
R000548,M0206,Mirzayev Dilshod YaTT,SV-001616,2025-11-28,2025-12-28,8329292.16,7329777.10,UZS,SAM
R000549,M0794,Sahovat Servis MChJ,SV-001618,2025-11-28,2026-01-12,7231415.52,7231415.52,UZS,TOS
R000550,M0257,Diyor Trade MChJ,SV-001623,2025-11-29,2025-12-29,3082315.04,3082315.04,UZS,BUX
R000551,M0664,Bunyod Savdo MChJ,SV-001624,2025-11-29,2025-12-14,381017.28,381017.28,UZS,TOS
R000552,M0516,Qodirov Bekzod YaTT,SV-001626,2025-11-29,2026-01-13,3876600.00,3876600.00,UZS,FAR
R000553,M0374,Nur Invest MChJ,SV-001636,2025-11-29,2026-01-13,4153475.20,4153475.20,UZS,FAR
R000554,M0726,Diyor Savdo MChJ,SV-001638,2025-11-29,2026-01-13,760733.12,760733.12,UZS,SAM
R000555,M0714,Omad Trade MChJ,SV-001639,2025-11-29,2025-12-14,8359868.16,8359868.16,UZS,SAM
R000556,M0754,Bunyod Servis MChJ,SV-001641,2025-11-29,2026-01-13,6336638.56,6336638.56,UZS,TOS
R000557,M0059,Yulduz Invest MChJ,SV-001642,2025-11-30,2025-12-15,8418704.00,8418704.00,UZS,FAR
R000558,M0228,Rahimov Sherzod YaTT,SV-001652,2025-11-30,2025-12-30,6677762.56,6677762.56,UZS,SAM
R000559,M0003,Sharq Market MChJ,SV-001655,2025-12-01,2025-12-31,6181134.40,6181134.40,UZS,SAM
R000560,M0769,Sahovat Servis MChJ,SV-001660,2025-12-01,2026-01-15,4140416.00,4140416.00,UZS,TOS
R000561,M0668,Baraka Savdo MChJ,SV-001661,2025-12-01,2026-01-15,63647.36,63647.36,UZS,BUX
R000562,M0529,Yusupov Umid YaTT,SV-001663,2025-12-01,2025-12-16,3340610.56,3340610.56,UZS,SAM
R000563,M0426,Sharq Trade MChJ,SV-001664,2025-12-01,2026-01-15,2037524.16,2037524.16,UZS,FAR
R000564,M0774,Abdullayev Kamola YaTT,SV-001665,2025-12-01,2026-01-15,12243360.64,4285176.22,UZS,TOS
R000565,M0570,Mehr Savdo MChJ,SV-001666,2025-12-01,2025-12-16,1146919.20,527582.83,UZS,TOS
R000566,M0692,Mirzayev Rustam YaTT,SV-001669,2025-12-01,2025-12-31,3770256.00,3770256.00,UZS,FAR
R000567,M0181,Aliyev Otabek YaTT,SV-001670,2025-12-01,2026-01-15,383936.00,383936.00,UZS,TOS
R000568,M0409,Sobirov Dilshod YaTT,SV-001681,2025-12-02,2026-01-16,1183952.00,1183952.00,UZS,FAR
R000569,M0305,Sobirov Malika YaTT,SV-001683,2025-12-02,2025-12-17,9460637.76,9460637.76,UZS,TOS
R000570,M0128,Diyor Invest MChJ,SV-001687,2025-12-02,2026-01-16,305088.00,305088.00,UZS,TOS
R000571,M0465,Saidov Sardor YaTT,SV-001690,2025-12-02,2025-12-17,412832.00,412832.00,UZS,FAR
R000572,M0491,Sobirov Malika YaTT,SV-001692,2025-12-02,2025-12-17,722512.00,722512.00,UZS,BUX
R000573,M0759,Diyor Market MChJ,SV-001693,2025-12-02,2026-01-16,11707407.04,8897629.35,UZS,SAM
R000574,M0378,Farovon Invest MChJ,SV-001694,2025-12-02,2026-01-16,935760.00,935760.00,UZS,BUX
R000575,M0182,Rahimov Aziz YaTT,SV-001696,2025-12-02,2025-12-17,2150184.96,838572.13,UZS,BUX
R000576,M0463,Hamidov Rustam YaTT,SV-001702,2025-12-03,2025-12-18,9245143.04,9245143.04,UZS,TOS
R000577,M0462,Ravnaq Servis MChJ,SV-001705,2025-12-03,2026-01-17,274579.20,274579.20,UZS,SAM
R000578,M0152,Qodirov Sardor YaTT,SV-001707,2025-12-03,2025-12-18,8276312.80,8276312.80,UZS,SAM
R000579,M0808,Omad Import MChJ,SV-001711,2025-12-03,2025-12-18,116.28,116.28,USD,TOS
R000580,M0644,Istiqbol Trade MChJ,SV-001715,2025-12-03,2026-01-17,3089871.68,308987.17,UZS,FAR
R000581,M0292,Karimov Nodir YaTT,SV-001716,2025-12-03,2026-01-17,5882506.56,5882506.56,UZS,TOS
R000582,M0103,Aliyev Kamola YaTT,SV-001717,2025-12-03,2026-01-17,1861213.76,1526195.28,UZS,FAR
R000583,M0327,Qodirov Zarina YaTT,SV-001720,2025-12-03,2026-01-17,8141464.80,8141464.80,UZS,TOS
R000584,M0193,Aliyev Shahnoza YaTT,SV-001722,2025-12-03,2026-01-02,11871720.00,11871720.00,UZS,FAR
R000585,M0459,Istiqbol Servis MChJ,SV-001724,2025-12-04,2026-01-18,996656.64,996656.64,UZS,BUX
R000586,M0417,Rahimov Nigora YaTT,SV-001725,2025-12-04,2026-01-03,7270325.44,7270325.44,UZS,TOS
R000587,M0013,Xolmatov Sherzod YaTT,SV-001727,2025-12-04,2026-01-03,2247611.52,2247611.52,UZS,SAM
R000588,M0369,Omad Servis MChJ,SV-001731,2025-12-04,2025-12-19,7923565.44,7923565.44,UZS,FAR
R000589,M0787,Farovon Market MChJ,SV-001733,2025-12-04,2026-01-18,534016.00,534016.00,UZS,TOS
R000590,M0388,Yulduz Servis MChJ,SV-001736,2025-12-04,2025-12-19,5814449.76,5814449.76,UZS,BUX
R000591,M0415,Sharq Servis MChJ,SV-001738,2025-12-04,2026-01-03,877408.00,877408.00,UZS,TOS
R000592,M0315,Nur Market MChJ,SV-001741,2025-12-04,2025-12-19,221472.16,221472.16,UZS,FAR
R000593,M0635,Zamin Invest MChJ,SV-001745,2025-12-04,2026-01-03,4284493.92,4284493.92,UZS,BUX
R000594,M0532,Qodirov Aziz YaTT,SV-001746,2025-12-04,2025-12-19,5621960.96,5621960.96,UZS,SAM
R000595,M0710,Sahovat Savdo MChJ,SV-001747,2025-12-05,2026-01-19,1400224.00,1400224.00,UZS,BUX
R000596,M0741,Ziyo Servis MChJ,SV-001749,2025-12-05,2025-12-20,10975171.20,10975171.20,UZS,TOS
R000597,M0148,Saidov Bekzod YaTT,SV-001750,2025-12-05,2025-12-20,1806336.00,1806336.00,UZS,TOS
R000598,M0741,Ziyo Servis MChJ,SV-001751,2025-12-05,2025-12-20,9870878.08,9870878.08,UZS,TOS
R000599,M0100,Sahovat Servis MChJ,SV-001754,2025-12-05,2026-01-19,4053056.00,4053056.00,UZS,TOS
R000600,M0472,Istiqbol Trade MChJ,SV-001755,2025-12-05,2026-01-19,4601665.60,4601665.60,UZS,BUX
R000601,M0407,Sharq Servis MChJ,SV-001756,2025-12-05,2026-01-19,1521945.60,1521945.60,UZS,TOS
R000602,M0223,Rasulov Javlon YaTT,SV-001758,2025-12-05,2025-12-20,5229952.00,5229952.00,UZS,SAM
R000603,M0265,Zamin Servis MChJ,SV-001759,2025-12-05,2026-01-19,13056736.00,13056736.00,UZS,BUX
R000604,M0547,Aliyev Jasur YaTT,SV-001763,2025-12-05,2026-01-04,5891088.00,5891088.00,UZS,FAR
R000605,M0182,Rahimov Aziz YaTT,SV-001766,2025-12-05,2025-12-20,6513915.52,1042226.48,UZS,BUX
R000606,M0083,Toshmatov Otabek YaTT,SV-001767,2025-12-05,2025-12-20,3744547.52,3744547.52,UZS,TOS
R000607,M0191,Nazarov Otabek YaTT,SV-001769,2025-12-05,2026-01-04,8674274.56,8674274.56,UZS,TOS
R000608,M0804,Ziyo Import MChJ,SV-001770,2025-12-06,2026-01-20,173.82,173.82,USD,TOS
R000609,M0644,Istiqbol Trade MChJ,SV-001772,2025-12-06,2026-01-05,1379212.80,275842.56,UZS,FAR
R000610,M0292,Karimov Nodir YaTT,SV-001773,2025-12-06,2026-01-20,3348486.40,3348486.40,UZS,TOS
R000611,M0247,Aliyev Dilnoza YaTT,SV-001779,2025-12-06,2026-01-20,72352.00,72352.00,UZS,FAR
R000612,M0201,Rahimov Dilshod YaTT,SV-001780,2025-12-06,2026-01-20,494645.76,237429.96,UZS,TOS
R000613,M0217,Mehr Market MChJ,SV-001781,2025-12-06,2026-01-05,83465.76,83465.76,UZS,TOS
R000614,M0508,Ravnaq Servis MChJ,SV-001783,2025-12-06,2025-12-21,9760598.40,9760598.40,UZS,BUX
R000615,M0263,Rahimov Dilshod YaTT,SV-001792,2025-12-06,2025-12-21,1540246.40,616098.56,UZS,BUX
R000616,M0762,Nur Invest MChJ,SV-001793,2025-12-06,2026-01-05,1249875.20,1249875.20,UZS,BUX
R000617,M0321,Yulduz Trade MChJ,SV-001794,2025-12-06,2026-01-20,3738344.96,3738344.96,UZS,TOS
R000618,M0355,Nur Savdo MChJ,SV-001796,2025-12-06,2025-12-21,19478014.08,19478014.08,UZS,FAR
R000619,M0751,Sobirov Javlon YaTT,SV-001799,2025-12-07,2026-01-21,4088385.28,776793.20,UZS,TOS
R000620,M0475,Qodirov Rustam YaTT,SV-001800,2025-12-07,2026-01-21,1525440.00,1525440.00,UZS,TOS
R000621,M0801,Baraka Import MChJ,SV-001801,2025-12-07,2026-01-06,777.92,777.92,USD,TOS
R000622,M0035,Oltin Market MChJ,SV-001803,2025-12-07,2025-12-22,8397979.52,8397979.52,UZS,TOS
R000623,M0065,Toshmatov Nigora YaTT,SV-001805,2025-12-07,2026-01-06,1032864.00,1032864.00,UZS,SAM
R000624,M0063,Ergashev Sherzod YaTT,SV-001807,2025-12-07,2025-12-22,7926316.16,7926316.16,UZS,SAM
R000625,M0170,Ergashev Gulnora YaTT,SV-001808,2025-12-07,2026-01-21,12812867.20,12812867.20,UZS,TOS
R000626,M0582,Nazarov Shahnoza YaTT,SV-001810,2025-12-07,2026-01-06,1150016.00,1150016.00,UZS,TOS
R000627,M0398,Zamin Trade MChJ,SV-001814,2025-12-08,2026-01-07,3336144.00,3336144.00,UZS,TOS
R000628,M0445,Yusupov Jasur YaTT,SV-001824,2025-12-08,2025-12-23,3195010.56,3195010.56,UZS,BUX
R000629,M0068,Saidov Dilnoza YaTT,SV-001826,2025-12-08,2026-01-22,3855774.72,2390580.33,UZS,BUX
R000630,M0394,Sahovat Servis MChJ,SV-001827,2025-12-08,2026-01-07,1228087.84,159651.42,UZS,BUX
R000631,M0398,Zamin Trade MChJ,SV-001831,2025-12-08,2026-01-22,5866333.76,5866333.76,UZS,TOS
R000632,M0787,Farovon Market MChJ,SV-001834,2025-12-08,2026-01-07,175985.60,175985.60,UZS,TOS
R000633,M0589,Istiqbol Savdo MChJ,SV-001835,2025-12-08,2026-01-07,9121728.00,9121728.00,UZS,TOS
R000634,M0272,Yusupov Otabek YaTT,SV-001841,2025-12-09,2026-01-08,7666400.00,7666400.00,UZS,SAM
R000635,M0647,Ravnaq Trade MChJ,SV-001842,2025-12-09,2026-01-08,3097024.00,3097024.00,UZS,TOS
R000636,M0806,Istiqbol Import MChJ,SV-001845,2025-12-09,2025-12-24,143.52,143.52,USD,TOS
R000637,M0176,Xolmatov Feruza YaTT,SV-001847,2025-12-09,2026-01-08,1279519.36,1279519.36,UZS,BUX
R000638,M0074,Aliyev Kamola YaTT,SV-001850,2025-12-09,2026-01-08,5233172.00,5233172.00,UZS,TOS
R000639,M0588,Aliyev Nigora YaTT,SV-001856,2025-12-09,2025-12-24,882874.72,882874.72,UZS,BUX
R000640,M0395,Aliyev Feruza YaTT,SV-001857,2025-12-09,2026-01-08,2403744.00,2403744.00,UZS,SAM
R000641,M0451,Oltin Invest MChJ,SV-001858,2025-12-09,2026-01-08,2948330.56,2948330.56,UZS,FAR
R000642,M0518,Yulduz Invest MChJ,SV-001859,2025-12-09,2025-12-24,7140015.68,3998408.78,UZS,SAM
R000643,M0146,Tong Trade MChJ,SV-001861,2025-12-10,2026-01-24,7150039.68,7150039.68,UZS,BUX
R000644,M0483,Mirzayev Jasur YaTT,SV-001862,2025-12-10,2025-12-25,1207834.88,169096.88,UZS,SAM
R000645,M0271,Mehr Trade MChJ,SV-001863,2025-12-10,2026-01-24,2693317.76,2693317.76,UZS,FAR
R000646,M0068,Saidov Dilnoza YaTT,SV-001864,2025-12-10,2026-01-09,2559872.00,2559872.00,UZS,BUX
R000647,M0292,Karimov Nodir YaTT,SV-001866,2025-12-10,2026-01-24,309568.00,247654.40,UZS,TOS
R000648,M0146,Tong Trade MChJ,SV-001869,2025-12-10,2026-01-24,7452944.80,7452944.80,UZS,BUX
R000649,M0265,Zamin Servis MChJ,SV-001871,2025-12-10,2026-01-09,2984688.00,2984688.00,UZS,BUX
R000650,M0483,Mirzayev Jasur YaTT,SV-001875,2025-12-10,2026-01-24,22175596.80,8870238.72,UZS,SAM
R000651,M0092,Mirzayev Umid YaTT,SV-001877,2025-12-10,2025-12-25,412832.00,412832.00,UZS,TOS
R000652,M0217,Mehr Market MChJ,SV-001884,2025-12-10,2026-01-24,2734831.68,2734831.68,UZS,TOS
R000653,M0569,Abdullayev Javlon YaTT,SV-001892,2025-12-11,2025-12-26,1177438.08,1177438.08,UZS,SAM
R000654,M0140,Hamidov Anvar YaTT,SV-001894,2025-12-11,2025-12-26,4468912.00,4468912.00,UZS,FAR
R000655,M0298,Sahovat Trade MChJ,SV-001896,2025-12-11,2026-01-25,3367728.00,3367728.00,UZS,BUX
R000656,M0265,Zamin Servis MChJ,SV-001901,2025-12-11,2025-12-26,5799324.16,5799324.16,UZS,BUX
R000657,M0370,Istiqbol Servis MChJ,SV-001905,2025-12-11,2026-01-10,11003547.52,11003547.52,UZS,TOS
R000658,M0077,Sahovat Savdo MChJ,SV-001909,2025-12-11,2026-01-10,1599136.00,1599136.00,UZS,TOS
R000659,M0146,Tong Trade MChJ,SV-001910,2025-12-11,2026-01-10,14594216.00,14594216.00,UZS,BUX
R000660,M0713,Mehr Invest MChJ,SV-001911,2025-12-11,2026-01-25,4514272.00,4514272.00,UZS,BUX
R000661,M0614,Bunyod Savdo MChJ,SV-001915,2025-12-12,2026-01-26,4057867.52,4057867.52,UZS,SAM
R000662,M0266,Bunyod Trade MChJ,SV-001916,2025-12-12,2025-12-27,6556858.56,6556858.56,UZS,BUX
R000663,M0773,Bunyod Invest MChJ,SV-001919,2025-12-12,2025-12-27,7938618.24,7938618.24,UZS,FAR
R000664,M0515,Qodirov Feruza YaTT,SV-001922,2025-12-12,2025-12-27,4022943.68,4022943.68,UZS,FAR
R000665,M0158,Baraka Trade MChJ,SV-001925,2025-12-12,2025-12-27,4958405.76,4958405.76,UZS,TOS
R000666,M0805,Sharq Import MChJ,SV-001929,2025-12-12,2026-01-26,141.79,141.79,USD,TOS
R000667,M0100,Sahovat Servis MChJ,SV-001933,2025-12-12,2026-01-11,2793571.20,2793571.20,UZS,TOS
R000668,M0513,Xolmatov Jasur YaTT,SV-001934,2025-12-12,2026-01-26,1057067.20,1057067.20,UZS,SAM
R000669,M0167,Bunyod Invest MChJ,SV-001935,2025-12-12,2025-12-27,2932689.76,2932689.76,UZS,BUX
R000670,M0204,Yusupov Nodir YaTT,SV-001946,2025-12-13,2026-01-27,1730601.60,1730601.60,UZS,TOS
R000671,M0157,Toshmatov Rustam YaTT,SV-001949,2025-12-13,2026-01-27,4750686.08,1852767.57,UZS,FAR
R000672,M0605,Istiqbol Market MChJ,SV-001956,2025-12-13,2026-01-12,8043221.76,8043221.76,UZS,SAM
R000673,M0485,Nazarov Sherzod YaTT,SV-001959,2025-12-13,2025-12-28,491447.04,216236.70,UZS,TOS
R000674,M0796,Mehr Servis MChJ,SV-001961,2025-12-13,2025-12-28,3113080.32,3113080.32,UZS,TOS
R000675,M0667,Nur Invest MChJ,SV-001963,2025-12-14,2026-01-13,12619812.80,12619812.80,UZS,BUX
R000676,M0192,Saidov Dilnoza YaTT,SV-001972,2025-12-14,2025-12-29,13125498.40,656274.92,UZS,SAM
R000677,M0753,Mirzayev Anvar YaTT,SV-001974,2025-12-14,2025-12-29,2161792.64,2161792.64,UZS,SAM
R000678,M0773,Bunyod Invest MChJ,SV-001977,2025-12-15,2025-12-30,8052327.36,8052327.36,UZS,FAR
R000679,M0350,Istiqbol Trade MChJ,SV-001982,2025-12-15,2026-01-29,4543792.96,4543792.96,UZS,TOS
R000680,M0467,Farovon Servis MChJ,SV-001984,2025-12-15,2025-12-30,9983534.40,8985180.96,UZS,TOS
R000681,M0202,Hamidov Umid YaTT,SV-001985,2025-12-15,2026-01-29,19672391.20,15344465.14,UZS,FAR
R000682,M0149,Ravnaq Invest MChJ,SV-001986,2025-12-15,2026-01-14,3315312.00,3315312.00,UZS,SAM
R000683,M0146,Tong Trade MChJ,SV-001991,2025-12-15,2025-12-30,2560927.04,2560927.04,UZS,BUX
R000684,M0622,Baraka Market MChJ,SV-001994,2025-12-15,2026-01-29,11077906.56,5317395.15,UZS,FAR
R000685,M0767,Mehr Servis MChJ,SV-001995,2025-12-16,2025-12-31,81076.80,81076.80,UZS,TOS
R000686,M0449,Sobirov Javlon YaTT,SV-001996,2025-12-16,2026-01-15,1136508.80,568254.40,UZS,BUX
R000687,M0514,Ziyo Savdo MChJ,SV-001999,2025-12-16,2026-01-15,1684623.36,1684623.36,UZS,FAR
R000688,M0505,Saidov Otabek YaTT,SV-002001,2025-12-16,2026-01-15,3294009.60,3294009.60,UZS,FAR
R000689,M0791,Sharq Invest MChJ,SV-002009,2025-12-16,2026-01-15,2470944.00,395351.04,UZS,TOS
R000690,M0070,Toshmatov Malika YaTT,SV-002010,2025-12-16,2025-12-31,6032429.76,6032429.76,UZS,TOS
R000691,M0803,Oltin Import MChJ,SV-002013,2025-12-16,2026-01-15,235.79,235.79,USD,TOS
R000692,M0439,Yusupov Rustam YaTT,SV-002014,2025-12-16,2026-01-15,4211424.00,4211424.00,UZS,SAM
R000693,M0390,Abdullayev Kamola YaTT,SV-002018,2025-12-16,2026-01-30,1879024.00,1879024.00,UZS,FAR
R000694,M0351,Sahovat Savdo MChJ,SV-002021,2025-12-17,2026-01-31,5366027.52,5366027.52,UZS,SAM
R000695,M0698,Oltin Servis MChJ,SV-002028,2025-12-17,2026-01-16,6863964.80,6863964.80,UZS,SAM
R000696,M0421,Yusupov Anvar YaTT,SV-002029,2025-12-17,2026-01-01,7640084.48,7640084.48,UZS,BUX
R000697,M0661,Aliyev Anvar YaTT,SV-002034,2025-12-17,2026-01-01,6728486.24,6728486.24,UZS,TOS
R000698,M0779,Omad Savdo MChJ,SV-002035,2025-12-17,2026-01-31,4339881.28,1649154.89,UZS,TOS
R000699,M0162,Hamidov Dilnoza YaTT,SV-002040,2025-12-17,2026-01-31,3295712.00,3295712.00,UZS,FAR
R000700,M0738,Hamidov Javlon YaTT,SV-002042,2025-12-17,2026-01-01,4211015.20,4211015.20,UZS,TOS
R000701,M0242,Aliyev Javlon YaTT,SV-002043,2025-12-18,2026-01-17,4818240.00,3758227.20,UZS,FAR
R000702,M0743,Yusupov Sherzod YaTT,SV-002044,2025-12-18,2026-02-01,10324857.76,10324857.76,UZS,SAM
R000703,M0182,Rahimov Aziz YaTT,SV-002046,2025-12-18,2026-01-17,7717472.00,1389144.96,UZS,BUX
R000704,M0452,Qodirov Sherzod YaTT,SV-002047,2025-12-18,2026-01-02,8098832.00,8098832.00,UZS,FAR
R000705,M0173,Sobirov Dilnoza YaTT,SV-002048,2025-12-18,2026-01-17,1803281.76,757378.34,UZS,TOS
R000706,M0425,Mehr Servis MChJ,SV-002050,2025-12-18,2026-02-01,9849728.00,9849728.00,UZS,TOS
R000707,M0597,Rahimov Shahnoza YaTT,SV-002051,2025-12-18,2026-01-02,1241761.92,397363.81,UZS,SAM
R000708,M0105,Abdullayev Anvar YaTT,SV-002053,2025-12-18,2026-02-01,5203399.04,5203399.04,UZS,BUX
R000709,M0419,Mehr Servis MChJ,SV-002058,2025-12-18,2026-01-17,618240.00,0.00,UZS,TOS
R000710,M0210,Nur Market MChJ,SV-002059,2025-12-18,2026-02-01,13072958.08,13072958.08,UZS,TOS
R000711,M0017,Nazarov Malika YaTT,SV-002068,2025-12-19,2026-02-02,6805774.08,6805774.08,UZS,TOS
R000712,M0758,Aliyev Umid YaTT,SV-002073,2025-12-19,2026-01-18,15614977.28,15614977.28,UZS,BUX
R000713,M0405,Sahovat Trade MChJ,SV-002077,2025-12-19,2026-02-02,928928.00,111471.36,UZS,FAR
R000714,M0093,Yulduz Invest MChJ,SV-002084,2025-12-19,2026-01-03,635712.00,25428.48,UZS,TOS
R000715,M0579,Karimov Rustam YaTT,SV-002099,2025-12-20,2026-01-04,400447.04,400447.04,UZS,SAM
R000716,M0441,Sharq Trade MChJ,SV-002101,2025-12-20,2026-02-03,3936004.80,1338241.63,UZS,SAM
R000717,M0249,Rahimov Dilshod YaTT,SV-002104,2025-12-20,2026-01-04,3369008.16,3369008.16,UZS,SAM
R000718,M0069,Sobirov Shahnoza YaTT,SV-002106,2025-12-20,2026-01-04,10987173.12,10987173.12,UZS,FAR
R000719,M0550,Tong Market MChJ,SV-002111,2025-12-20,2026-01-19,1052274.72,52613.74,UZS,TOS
R000720,M0105,Abdullayev Anvar YaTT,SV-002112,2025-12-20,2026-02-03,4853531.20,4853531.20,UZS,BUX
R000721,M0584,Omad Market MChJ,SV-002113,2025-12-20,2026-01-04,1025852.80,1025852.80,UZS,SAM
R000722,M0741,Ziyo Servis MChJ,SV-002119,2025-12-21,2026-01-05,3487232.00,2127211.52,UZS,TOS
R000723,M0707,Abdullayev Gulnora YaTT,SV-002134,2025-12-22,2026-02-05,5176024.00,5176024.00,UZS,BUX
R000724,M0333,Diyor Savdo MChJ,SV-002136,2025-12-22,2026-02-05,6769840.00,1353968.00,UZS,TOS
R000725,M0377,Yusupov Gulnora YaTT,SV-002140,2025-12-22,2026-01-21,2952407.36,2627642.55,UZS,FAR
R000726,M0569,Abdullayev Javlon YaTT,SV-002143,2025-12-22,2026-02-05,4019606.08,4019606.08,UZS,SAM
R000727,M0468,Diyor Savdo MChJ,SV-002144,2025-12-22,2026-01-06,3972837.12,3972837.12,UZS,FAR
R000728,M0714,Omad Trade MChJ,SV-002145,2025-12-22,2026-01-06,2615280.64,2615280.64,UZS,SAM
R000729,M0306,Abdullayev Feruza YaTT,SV-002154,2025-12-22,2026-02-05,7129547.04,7129547.04,UZS,SAM
R000730,M0074,Aliyev Kamola YaTT,SV-002158,2025-12-23,2026-02-06,6856559.36,6856559.36,UZS,TOS
R000731,M0491,Sobirov Malika YaTT,SV-002159,2025-12-23,2026-01-22,2327337.60,2327337.60,UZS,BUX
R000732,M0312,Bunyod Market MChJ,SV-002163,2025-12-23,2026-01-22,5255799.36,5255799.36,UZS,TOS
R000733,M0445,Yusupov Jasur YaTT,SV-002167,2025-12-23,2026-01-22,32704.00,32704.00,UZS,BUX
R000734,M0549,Yulduz Savdo MChJ,SV-002168,2025-12-23,2026-02-06,15424923.36,7712461.68,UZS,BUX
R000735,M0376,Ergashev Dilnoza YaTT,SV-002173,2025-12-23,2026-01-22,4547320.96,1273249.87,UZS,TOS
R000736,M0513,Xolmatov Jasur YaTT,SV-002176,2025-12-23,2026-01-07,4931926.72,4931926.72,UZS,SAM
R000737,M0425,Mehr Servis MChJ,SV-002177,2025-12-24,2026-01-08,3866167.20,3324903.79,UZS,TOS
R000738,M0477,Hamidov Dilshod YaTT,SV-002180,2025-12-24,2026-01-08,1103052.16,1103052.16,UZS,SAM
R000739,M0802,Nur Import MChJ,SV-002182,2025-12-24,2026-01-23,38.74,38.74,USD,TOS
R000740,M0418,Aliyev Dilshod YaTT,SV-002190,2025-12-24,2026-01-23,7886654.72,7886654.72,UZS,BUX
R000741,M0634,Ziyo Savdo MChJ,SV-002199,2025-12-24,2026-01-08,2961719.04,2961719.04,UZS,SAM
R000742,M0309,Rasulov Aziz YaTT,SV-002200,2025-12-24,2026-01-08,5134729.60,5134729.60,UZS,FAR
R000743,M0461,Nazarov Kamola YaTT,SV-002202,2025-12-25,2026-02-08,7683029.76,7683029.76,UZS,SAM
R000744,M0567,Sahovat Invest MChJ,SV-002204,2025-12-25,2026-01-09,7845936.00,7845936.00,UZS,FAR
R000745,M0395,Aliyev Feruza YaTT,SV-002207,2025-12-25,2026-01-24,3929752.96,3929752.96,UZS,SAM
R000746,M0301,Oltin Servis MChJ,SV-002213,2025-12-25,2026-02-08,2271830.40,2271830.40,UZS,TOS
R000747,M0338,Rasulov Gulnora YaTT,SV-002215,2025-12-25,2026-01-24,3103442.72,3103442.72,UZS,FAR
R000748,M0708,Qodirov Sardor YaTT,SV-002220,2025-12-25,2026-01-09,611520.00,611520.00,UZS,FAR
R000749,M0710,Sahovat Savdo MChJ,SV-002225,2025-12-26,2026-01-10,4322008.32,4322008.32,UZS,BUX
R000750,M0259,Ergashev Jasur YaTT,SV-002230,2025-12-26,2026-01-25,8623888.00,8623888.00,UZS,TOS
R000751,M0057,Sahovat Savdo MChJ,SV-002241,2025-12-26,2026-01-10,3956848.00,1741013.12,UZS,TOS
R000752,M0807,Farovon Import MChJ,SV-002244,2025-12-26,2026-02-09,622.14,622.14,USD,TOS
R000753,M0549,Yulduz Savdo MChJ,SV-002247,2025-12-27,2026-01-26,6674502.24,66745.02,UZS,BUX
R000754,M0042,Bunyod Market MChJ,SV-002249,2025-12-27,2026-01-26,6473320.00,6473320.00,UZS,SAM
R000755,M0082,Ziyo Market MChJ,SV-002250,2025-12-27,2026-01-11,6003208.96,6003208.96,UZS,BUX
R000756,M0166,Rahimov Nodir YaTT,SV-002253,2025-12-27,2026-01-26,3201207.52,3201207.52,UZS,TOS
R000757,M0170,Ergashev Gulnora YaTT,SV-002262,2025-12-27,2026-02-10,1830424.96,1830424.96,UZS,TOS
R000758,M0460,Nur Trade MChJ,SV-002263,2025-12-27,2026-02-10,4699432.64,4699432.64,UZS,TOS
R000759,M0082,Ziyo Market MChJ,SV-002264,2025-12-27,2026-01-11,1823687.04,1823687.04,UZS,BUX
R000760,M0338,Rasulov Gulnora YaTT,SV-002266,2025-12-27,2026-01-26,895776.00,895776.00,UZS,FAR
R000761,M0299,Abdullayev Nodir YaTT,SV-002270,2025-12-28,2026-01-27,8983495.36,8983495.36,UZS,FAR
R000762,M0522,Aliyev Zarina YaTT,SV-002275,2025-12-28,2026-01-12,7253904.00,7253904.00,UZS,FAR
R000763,M0210,Nur Market MChJ,SV-002277,2025-12-28,2026-01-27,4405685.76,4405685.76,UZS,TOS
R000764,M0293,Nazarov Javlon YaTT,SV-002278,2025-12-28,2026-02-11,4939961.60,4939961.60,UZS,TOS
R000765,M0779,Omad Savdo MChJ,SV-002281,2025-12-29,2026-01-13,7158144.00,7158144.00,UZS,TOS
R000766,M0800,Rahimov Javlon YaTT,SV-002284,2025-12-29,2026-01-13,2639113.12,2639113.12,UZS,TOS
R000767,M0566,Sharq Invest MChJ,SV-002285,2025-12-29,2026-01-13,1715728.00,1715728.00,UZS,SAM
R000768,M0629,Omad Market MChJ,SV-002286,2025-12-29,2026-01-13,7083126.40,7083126.40,UZS,BUX
R000769,M0113,Qodirov Zarina YaTT,SV-002291,2025-12-29,2026-01-13,2422336.00,2422336.00,UZS,FAR
R000770,M0536,Sharq Servis MChJ,SV-002295,2025-12-29,2026-01-28,1095584.00,21911.68,UZS,FAR
R000771,M0773,Bunyod Invest MChJ,SV-002296,2025-12-29,2026-02-12,3722208.00,3722208.00,UZS,FAR
R000772,M0544,Bunyod Invest MChJ,SV-002299,2025-12-29,2026-01-13,5187871.36,2127027.26,UZS,FAR
R000773,M0244,Baraka Servis MChJ,SV-002303,2025-12-29,2026-01-28,15173786.88,15173786.88,UZS,SAM
R000774,M0072,Diyor Savdo MChJ,SV-002306,2025-12-30,2026-02-13,6040496.00,6040496.00,UZS,SAM
R000775,M0134,Diyor Market MChJ,SV-002307,2025-12-30,2026-01-29,3124576.00,3124576.00,UZS,FAR
R000776,M0635,Zamin Invest MChJ,SV-002309,2025-12-30,2026-02-13,2405942.56,2405942.56,UZS,BUX
R000777,M0398,Zamin Trade MChJ,SV-002311,2025-12-30,2026-02-13,3393970.72,3393970.72,UZS,TOS
R000778,M0242,Aliyev Javlon YaTT,SV-002312,2025-12-30,2026-02-13,886816.00,576430.40,UZS,FAR
R000779,M0181,Aliyev Otabek YaTT,SV-002313,2025-12-30,2026-02-13,5487020.00,5487020.00,UZS,TOS
R000780,M0694,Abdullayev Otabek YaTT,SV-002315,2025-12-30,2026-01-29,5200809.60,5200809.60,UZS,BUX
R000781,M0308,Rasulov Feruza YaTT,SV-002323,2025-12-30,2026-01-29,7697294.08,7697294.08,UZS,TOS
R000782,M0350,Istiqbol Trade MChJ,SV-002326,2025-12-30,2026-01-29,3839808.00,3839808.00,UZS,TOS
R000783,M0365,Xolmatov Jasur YaTT,SV-002327,2025-12-30,2026-01-14,977170.88,977170.88,UZS,TOS
R000784,M0297,Nur Savdo MChJ,SV-002332,2025-12-31,2026-01-15,8696873.92,8696873.92,UZS,TOS
R000785,M0020,Nazarov Umid YaTT,SV-002333,2025-12-31,2026-01-15,844928.00,844928.00,UZS,TOS
R000786,M0105,Abdullayev Anvar YaTT,SV-002339,2025-12-31,2026-01-30,4133472.00,4133472.00,UZS,BUX
R000787,M0140,Hamidov Anvar YaTT,SV-002343,2025-12-31,2026-01-15,5488257.60,5488257.60,UZS,FAR
R000788,M0721,Ziyo Savdo MChJ,SV-002351,2025-12-31,2026-01-15,4652771.20,4652771.20,UZS,FAR
R000789,M0242,Aliyev Javlon YaTT,SV-002353,2025-12-31,2026-01-30,804388.48,804388.48,UZS,FAR
R000790,M0231,Yulduz Servis MChJ,SV-002354,2025-12-31,2026-01-15,2435888.00,2435888.00,UZS,TOS
R000791,M0113,Qodirov Zarina YaTT,SV-002356,2026-01-01,2026-01-16,1795360.00,1795360.00,UZS,FAR
R000792,M0707,Abdullayev Gulnora YaTT,SV-002362,2026-01-01,2026-01-31,1374559.20,1374559.20,UZS,BUX
R000793,M0496,Toshmatov Bekzod YaTT,SV-002365,2026-01-01,2026-01-31,11784536.96,11784536.96,UZS,TOS
R000794,M0608,Oltin Servis MChJ,SV-002369,2026-01-02,2026-02-16,11932295.20,7755991.88,UZS,FAR
R000795,M0580,Oltin Trade MChJ,SV-002374,2026-01-02,2026-01-17,4208124.48,4208124.48,UZS,TOS
R000796,M0559,Mehr Servis MChJ,SV-002376,2026-01-02,2026-02-01,2001800.64,2001800.64,UZS,SAM
R000797,M0298,Sahovat Trade MChJ,SV-002378,2026-01-02,2026-02-01,2615865.28,2615865.28,UZS,BUX
R000798,M0626,Rasulov Zarina YaTT,SV-002379,2026-01-02,2026-01-17,3717324.80,3717324.80,UZS,SAM
R000799,M0640,Aliyev Zarina YaTT,SV-002381,2026-01-02,2026-01-17,2119804.96,2119804.96,UZS,TOS
R000800,M0659,Aliyev Rustam YaTT,SV-002382,2026-01-03,2026-02-02,778720.32,778720.32,UZS,SAM
R000801,M0627,Abdullayev Nodir YaTT,SV-002385,2026-01-03,2026-02-17,771254.40,771254.40,UZS,TOS
R000802,M0386,Ravnaq Trade MChJ,SV-002389,2026-01-03,2026-02-02,4898835.20,2694359.36,UZS,BUX
R000803,M0224,Nazarov Dilnoza YaTT,SV-002390,2026-01-03,2026-02-02,8986275.20,8986275.20,UZS,TOS
R000804,M0540,Rahimov Shahnoza YaTT,SV-002393,2026-01-03,2026-01-18,8704416.00,4352208.00,UZS,BUX
R000805,M0021,Mirzayev Sherzod YaTT,SV-002394,2026-01-03,2026-01-18,2170112.00,2170112.00,UZS,TOS
R000806,M0169,Farovon Servis MChJ,SV-002396,2026-01-03,2026-02-17,3386033.28,3386033.28,UZS,BUX
R000807,M0691,Mehr Invest MChJ,SV-002397,2026-01-03,2026-02-02,771254.40,771254.40,UZS,BUX
R000808,M0692,Mirzayev Rustam YaTT,SV-002400,2026-01-03,2026-02-17,2528400.00,2528400.00,UZS,FAR
R000809,M0417,Rahimov Nigora YaTT,SV-002401,2026-01-04,2026-02-03,1117401.60,1117401.60,UZS,TOS
R000810,M0002,Hamidov Kamola YaTT,SV-002403,2026-01-04,2026-01-19,4640321.28,4640321.28,UZS,TOS
R000811,M0459,Istiqbol Servis MChJ,SV-002405,2026-01-04,2026-02-03,8079202.88,8079202.88,UZS,BUX
R000812,M0124,Rahimov Rustam YaTT,SV-002407,2026-01-04,2026-02-03,5612033.28,5612033.28,UZS,TOS
R000813,M0632,Yulduz Servis MChJ,SV-002411,2026-01-05,2026-01-20,768194.56,768194.56,UZS,BUX
R000814,M0808,Omad Import MChJ,SV-002416,2026-01-05,2026-01-20,450.33,450.33,USD,TOS
R000815,M0308,Rasulov Feruza YaTT,SV-002421,2026-01-05,2026-01-20,3716003.20,3716003.20,UZS,TOS
R000816,M0703,Zamin Servis MChJ,SV-002422,2026-01-05,2026-01-20,5800999.68,5800999.68,UZS,FAR
R000817,M0160,Qodirov Rustam YaTT,SV-002423,2026-01-06,2026-02-20,2704329.60,2244593.57,UZS,FAR
R000818,M0149,Ravnaq Invest MChJ,SV-002427,2026-01-06,2026-02-05,972442.24,972442.24,UZS,SAM
R000819,M0707,Abdullayev Gulnora YaTT,SV-002428,2026-01-06,2026-01-21,2195309.76,2195309.76,UZS,BUX
R000820,M0208,Mehr Invest MChJ,SV-002429,2026-01-06,2026-02-20,1023813.28,1023813.28,UZS,FAR
R000821,M0467,Farovon Servis MChJ,SV-002430,2026-01-06,2026-02-20,5021307.20,5021307.20,UZS,TOS
R000822,M0073,Yusupov Aziz YaTT,SV-002434,2026-01-06,2026-02-05,2863392.00,2863392.00,UZS,TOS
R000823,M0386,Ravnaq Trade MChJ,SV-002437,2026-01-06,2026-02-20,6891958.08,6891958.08,UZS,BUX
R000824,M0302,Xolmatov Javlon YaTT,SV-002438,2026-01-07,2026-02-06,12288796.80,12288796.80,UZS,FAR
R000825,M0086,Hamidov Umid YaTT,SV-002439,2026-01-07,2026-02-21,246624.00,246624.00,UZS,TOS
R000826,M0076,Ergashev Malika YaTT,SV-002440,2026-01-07,2026-02-21,1859872.00,1859872.00,UZS,BUX
R000827,M0538,Bunyod Trade MChJ,SV-002441,2026-01-07,2026-02-06,3181360.00,3181360.00,UZS,FAR
R000828,M0586,Abdullayev Gulnora YaTT,SV-002447,2026-01-07,2026-02-21,6512943.36,6512943.36,UZS,TOS
R000829,M0693,Sharq Invest MChJ,SV-002448,2026-01-07,2026-02-21,5374163.20,5374163.20,UZS,BUX
R000830,M0655,Hamidov Otabek YaTT,SV-002449,2026-01-07,2026-01-22,230608.00,230608.00,UZS,FAR
R000831,M0585,Aliyev Malika YaTT,SV-002452,2026-01-07,2026-01-22,834624.00,834624.00,UZS,FAR
R000832,M0798,Ravnaq Market MChJ,SV-002453,2026-01-07,2026-02-21,4286576.00,4286576.00,UZS,SAM
R000833,M0356,Rahimov Bekzod YaTT,SV-002461,2026-01-08,2026-01-23,5722523.52,5722523.52,UZS,SAM
R000834,M0100,Sahovat Servis MChJ,SV-002472,2026-01-09,2026-01-24,3476542.72,3476542.72,UZS,TOS
R000835,M0669,Saidov Nodir YaTT,SV-002475,2026-01-09,2026-01-24,2308176.64,2308176.64,UZS,SAM
R000836,M0352,Rahimov Feruza YaTT,SV-002476,2026-01-09,2026-02-23,21407282.40,21407282.40,UZS,SAM
R000837,M0246,Toshmatov Sardor YaTT,SV-002480,2026-01-09,2026-02-08,9306108.00,9306108.00,UZS,SAM
R000838,M0154,Rasulov Shahnoza YaTT,SV-002483,2026-01-09,2026-02-23,295205.12,59041.02,UZS,TOS
R000839,M0755,Toshmatov Bekzod YaTT,SV-002490,2026-01-10,2026-02-24,2006242.56,2006242.56,UZS,TOS
R000840,M0170,Ergashev Gulnora YaTT,SV-002498,2026-01-10,2026-01-25,3359328.00,2485902.72,UZS,TOS
R000841,M0769,Sahovat Servis MChJ,SV-002507,2026-01-11,2026-02-25,5765095.84,5765095.84,UZS,TOS
R000842,M0634,Ziyo Savdo MChJ,SV-002508,2026-01-11,2026-01-26,8340281.60,8340281.60,UZS,SAM
R000843,M0509,Sharq Trade MChJ,SV-002511,2026-01-11,2026-01-26,916746.88,18334.94,UZS,TOS
R000844,M0281,Sobirov Rustam YaTT,SV-002512,2026-01-11,2026-02-10,1142023.68,1142023.68,UZS,TOS
R000845,M0330,Aliyev Dilshod YaTT,SV-002513,2026-01-12,2026-02-11,670776.96,670776.96,UZS,TOS
R000846,M0804,Ziyo Import MChJ,SV-002515,2026-01-12,2026-01-27,67.70,67.70,USD,TOS
R000847,M0671,Sharq Servis MChJ,SV-002520,2026-01-12,2026-02-26,335758.08,335758.08,UZS,TOS
R000848,M0063,Ergashev Sherzod YaTT,SV-002521,2026-01-12,2026-01-27,14285936.00,14285936.00,UZS,SAM
R000849,M0132,Diyor Savdo MChJ,SV-002522,2026-01-12,2026-02-26,10018616.16,10018616.16,UZS,BUX
R000850,M0242,Aliyev Javlon YaTT,SV-002530,2026-01-13,2026-01-28,1924120.80,1924120.80,UZS,FAR
R000851,M0437,Mirzayev Javlon YaTT,SV-002534,2026-01-13,2026-02-27,4703571.04,987749.92,UZS,BUX
R000852,M0028,Tong Savdo MChJ,SV-002542,2026-01-13,2026-01-28,5363509.76,5363509.76,UZS,TOS
R000853,M0479,Hamidov Dilshod YaTT,SV-002544,2026-01-14,2026-02-28,4829440.00,4829440.00,UZS,TOS
R000854,M0361,Tong Invest MChJ,SV-002547,2026-01-14,2026-02-28,4111632.00,4111632.00,UZS,FAR
R000855,M0253,Mirzayev Malika YaTT,SV-002556,2026-01-14,2026-01-29,44800.00,44800.00,UZS,FAR
R000856,M0539,Toshmatov Bekzod YaTT,SV-002559,2026-01-15,2026-03-01,13792793.28,13792793.28,UZS,TOS
R000857,M0544,Bunyod Invest MChJ,SV-002560,2026-01-15,2026-02-14,3246096.00,779063.04,UZS,FAR
R000858,M0351,Sahovat Savdo MChJ,SV-002564,2026-01-15,2026-03-01,2747489.92,2747489.92,UZS,SAM
R000859,M0576,Diyor Market MChJ,SV-002565,2026-01-15,2026-01-30,7786588.32,7786588.32,UZS,SAM
R000860,M0423,Toshmatov Zarina YaTT,SV-002566,2026-01-15,2026-03-01,1934912.00,1934912.00,UZS,FAR
R000861,M0484,Baraka Savdo MChJ,SV-002569,2026-01-15,2026-02-14,1008658.56,1008658.56,UZS,BUX
R000862,M0010,Mehr Savdo MChJ,SV-002572,2026-01-15,2026-02-14,5595317.28,5595317.28,UZS,SAM
R000863,M0055,Ziyo Invest MChJ,SV-002573,2026-01-15,2026-03-01,5590873.12,5590873.12,UZS,TOS
R000864,M0681,Nur Savdo MChJ,SV-002575,2026-01-16,2026-01-31,4897064.48,2154708.37,UZS,TOS
R000865,M0060,Nazarov Umid YaTT,SV-002576,2026-01-16,2026-03-02,3478077.12,3478077.12,UZS,SAM
R000866,M0649,Oltin Servis MChJ,SV-002580,2026-01-16,2026-02-15,1386560.00,1386560.00,UZS,BUX
R000867,M0482,Xolmatov Bekzod YaTT,SV-002581,2026-01-16,2026-01-31,5357856.00,5357856.00,UZS,FAR
R000868,M0022,Istiqbol Savdo MChJ,SV-002586,2026-01-16,2026-03-02,383090.40,383090.40,UZS,FAR
R000869,M0805,Sharq Import MChJ,SV-002591,2026-01-17,2026-02-01,57.46,57.46,USD,TOS
R000870,M0119,Bunyod Trade MChJ,SV-002594,2026-01-17,2026-02-16,255356.64,255356.64,UZS,FAR
R000871,M0700,Baraka Savdo MChJ,SV-002599,2026-01-17,2026-02-01,3003280.00,3003280.00,UZS,SAM
R000872,M0612,Saidov Dilnoza YaTT,SV-002601,2026-01-17,2026-02-16,4803125.60,4803125.60,UZS,TOS
R000873,M0576,Diyor Market MChJ,SV-002603,2026-01-17,2026-02-16,1262800.00,1262800.00,UZS,SAM
R000874,M0137,Abdullayev Anvar YaTT,SV-002610,2026-01-17,2026-02-16,7516414.08,7516414.08,UZS,SAM
R000875,M0183,Ergashev Malika YaTT,SV-002612,2026-01-18,2026-02-17,10067887.20,10067887.20,UZS,SAM
R000876,M0381,Farovon Servis MChJ,SV-002613,2026-01-18,2026-02-17,2982275.52,2982275.52,UZS,FAR
R000877,M0802,Nur Import MChJ,SV-002616,2026-01-18,2026-02-17,185.02,185.02,USD,TOS
R000878,M0631,Hamidov Aziz YaTT,SV-002617,2026-01-18,2026-03-04,4556334.72,4556334.72,UZS,TOS
R000879,M0603,Nur Invest MChJ,SV-002618,2026-01-18,2026-02-17,1976576.00,1976576.00,UZS,SAM
R000880,M0045,Qodirov Sherzod YaTT,SV-002619,2026-01-18,2026-02-02,2082416.00,2082416.00,UZS,TOS
R000881,M0626,Rasulov Zarina YaTT,SV-002624,2026-01-19,2026-02-18,2176764.80,2176764.80,UZS,SAM
R000882,M0177,Karimov Dilnoza YaTT,SV-002625,2026-01-19,2026-02-03,3779328.00,3779328.00,UZS,BUX
R000883,M0795,Istiqbol Invest MChJ,SV-002630,2026-01-19,2026-02-18,2327248.00,2327248.00,UZS,FAR
R000884,M0481,Farovon Servis MChJ,SV-002635,2026-01-20,2026-03-06,285824.00,285824.00,UZS,SAM
R000885,M0247,Aliyev Dilnoza YaTT,SV-002639,2026-01-20,2026-02-19,4224783.36,3548818.02,UZS,FAR
R000886,M0301,Oltin Servis MChJ,SV-002640,2026-01-20,2026-03-06,6328136.64,6328136.64,UZS,TOS
R000887,M0409,Sobirov Dilshod YaTT,SV-002644,2026-01-20,2026-02-19,7254593.92,7254593.92,UZS,FAR
R000888,M0003,Sharq Market MChJ,SV-002645,2026-01-20,2026-02-04,3041136.00,3041136.00,UZS,SAM
R000889,M0057,Sahovat Savdo MChJ,SV-002649,2026-01-21,2026-02-20,17151281.28,17151281.28,UZS,TOS
R000890,M0457,Nazarov Nigora YaTT,SV-002656,2026-01-21,2026-02-20,6708513.28,6708513.28,UZS,SAM
R000891,M0426,Sharq Trade MChJ,SV-002657,2026-01-21,2026-03-07,6637740.48,6637740.48,UZS,FAR
R000892,M0206,Mirzayev Dilshod YaTT,SV-002659,2026-01-21,2026-02-20,415987.04,415987.04,UZS,SAM
R000893,M0177,Karimov Dilnoza YaTT,SV-002663,2026-01-21,2026-02-20,1762239.36,1762239.36,UZS,BUX
R000894,M0254,Nazarov Shahnoza YaTT,SV-002668,2026-01-22,2026-02-21,4113005.12,4113005.12,UZS,FAR
R000895,M0797,Rahimov Sardor YaTT,SV-002669,2026-01-22,2026-02-21,220416.00,30858.24,UZS,TOS
R000896,M0732,Yusupov Bekzod YaTT,SV-002671,2026-01-22,2026-02-06,1779008.00,1779008.00,UZS,TOS
R000897,M0140,Hamidov Anvar YaTT,SV-002672,2026-01-22,2026-02-06,9888421.76,9888421.76,UZS,FAR
R000898,M0374,Nur Invest MChJ,SV-002677,2026-01-22,2026-03-08,2169216.00,2169216.00,UZS,FAR
R000899,M0772,Oltin Savdo MChJ,SV-002679,2026-01-22,2026-03-08,1762568.64,1762568.64,UZS,TOS
R000900,M0148,Saidov Bekzod YaTT,SV-002689,2026-01-23,2026-02-22,291648.00,291648.00,UZS,TOS
R000901,M0172,Oltin Savdo MChJ,SV-002690,2026-01-23,2026-02-22,4978896.16,4978896.16,UZS,TOS
R000902,M0206,Mirzayev Dilshod YaTT,SV-002693,2026-01-23,2026-03-09,1431248.00,1431248.00,UZS,SAM
R000903,M0595,Hamidov Gulnora YaTT,SV-002695,2026-01-23,2026-02-07,1890000.00,1890000.00,UZS,SAM
R000904,M0482,Xolmatov Bekzod YaTT,SV-002701,2026-01-24,2026-02-23,2041312.00,2041312.00,UZS,FAR
R000905,M0109,Aliyev Anvar YaTT,SV-002704,2026-01-24,2026-02-23,1242411.52,1242411.52,UZS,FAR
R000906,M0792,Yusupov Otabek YaTT,SV-002705,2026-01-24,2026-03-10,4331622.40,4331622.40,UZS,BUX
R000907,M0578,Omad Invest MChJ,SV-002707,2026-01-24,2026-02-08,9503510.24,9503510.24,UZS,BUX
R000908,M0033,Hamidov Feruza YaTT,SV-002709,2026-01-24,2026-02-08,5666276.00,5666276.00,UZS,FAR
R000909,M0801,Baraka Import MChJ,SV-002711,2026-01-24,2026-02-08,295.62,295.62,USD,TOS
R000910,M0022,Istiqbol Savdo MChJ,SV-002712,2026-01-24,2026-03-10,2814565.60,2814565.60,UZS,FAR
R000911,M0425,Mehr Servis MChJ,SV-002720,2026-01-25,2026-02-09,6781877.76,2509294.77,UZS,TOS
R000912,M0244,Baraka Servis MChJ,SV-002721,2026-01-25,2026-02-24,961968.00,961968.00,UZS,SAM
R000913,M0805,Sharq Import MChJ,SV-002723,2026-01-25,2026-03-11,306.37,306.37,USD,TOS
R000914,M0578,Omad Invest MChJ,SV-002724,2026-01-26,2026-03-12,6657616.00,6657616.00,UZS,BUX
R000915,M0162,Hamidov Dilnoza YaTT,SV-002725,2026-01-26,2026-02-10,386954.40,166390.39,UZS,FAR
R000916,M0142,Bunyod Invest MChJ,SV-002728,2026-01-26,2026-02-10,13271059.20,13271059.20,UZS,TOS
R000917,M0415,Sharq Servis MChJ,SV-002731,2026-01-26,2026-03-12,2774289.28,2774289.28,UZS,TOS
R000918,M0385,Omad Market MChJ,SV-002732,2026-01-26,2026-02-10,869853.60,208764.86,UZS,SAM
R000919,M0766,Xolmatov Anvar YaTT,SV-002734,2026-01-26,2026-02-25,2803024.00,1457572.48,UZS,TOS
R000920,M0140,Hamidov Anvar YaTT,SV-002740,2026-01-27,2026-03-13,19811938.72,13273998.94,UZS,FAR
R000921,M0181,Aliyev Otabek YaTT,SV-002742,2026-01-27,2026-02-26,7097347.04,7097347.04,UZS,TOS
R000922,M0566,Sharq Invest MChJ,SV-002743,2026-01-27,2026-03-13,4108767.04,4108767.04,UZS,SAM
R000923,M0350,Istiqbol Trade MChJ,SV-002744,2026-01-27,2026-02-11,7951139.84,7951139.84,UZS,TOS
R000924,M0796,Mehr Servis MChJ,SV-002747,2026-01-27,2026-03-13,2791824.00,2791824.00,UZS,TOS
R000925,M0399,Tong Invest MChJ,SV-002754,2026-01-28,2026-02-12,9101688.96,9101688.96,UZS,TOS
R000926,M0521,Sobirov Feruza YaTT,SV-002755,2026-01-28,2026-02-12,7387968.00,2511909.12,UZS,BUX
R000927,M0394,Sahovat Servis MChJ,SV-002757,2026-01-28,2026-03-14,6519560.32,1369107.67,UZS,BUX
R000928,M0778,Sharq Servis MChJ,SV-002758,2026-01-28,2026-03-14,3837312.64,3837312.64,UZS,TOS
R000929,M0125,Istiqbol Market MChJ,SV-002759,2026-01-28,2026-03-14,8531040.00,3156484.80,UZS,BUX
R000930,M0661,Aliyev Anvar YaTT,SV-002760,2026-01-28,2026-03-14,2121813.12,2121813.12,UZS,TOS
R000931,M0369,Omad Servis MChJ,SV-002762,2026-01-28,2026-02-12,428400.00,428400.00,UZS,FAR
R000932,M0605,Istiqbol Market MChJ,SV-002767,2026-01-29,2026-03-15,358848.00,358848.00,UZS,SAM
R000933,M0463,Hamidov Rustam YaTT,SV-002768,2026-01-29,2026-02-13,6320267.52,6320267.52,UZS,TOS
R000934,M0456,Toshmatov Anvar YaTT,SV-002772,2026-01-29,2026-02-28,364560.00,364560.00,UZS,BUX
R000935,M0089,Diyor Servis MChJ,SV-002776,2026-01-29,2026-03-15,1805240.64,1805240.64,UZS,TOS
R000936,M0304,Xolmatov Feruza YaTT,SV-002777,2026-01-29,2026-02-28,8321600.00,8321600.00,UZS,SAM
R000937,M0155,Baraka Savdo MChJ,SV-002779,2026-01-29,2026-02-28,1324081.92,1324081.92,UZS,TOS
R000938,M0295,Saidov Shahnoza YaTT,SV-002780,2026-01-29,2026-02-13,4410789.60,4410789.60,UZS,TOS
R000939,M0129,Xolmatov Anvar YaTT,SV-002788,2026-01-30,2026-03-01,5759745.60,5759745.60,UZS,SAM
R000940,M0013,Xolmatov Sherzod YaTT,SV-002802,2026-01-31,2026-02-15,9669215.36,9669215.36,UZS,SAM
R000941,M0750,Qodirov Aziz YaTT,SV-002804,2026-01-31,2026-02-15,3695623.68,3695623.68,UZS,SAM
R000942,M0584,Omad Market MChJ,SV-002812,2026-01-31,2026-02-15,2579808.00,2579808.00,UZS,SAM
R000943,M0650,Bunyod Invest MChJ,SV-002813,2026-01-31,2026-03-02,2585188.48,2585188.48,UZS,SAM
R000944,M0742,Saidov Dilnoza YaTT,SV-002819,2026-02-01,2026-03-03,521767.68,521767.68,UZS,FAR
R000945,M0058,Tong Market MChJ,SV-002829,2026-02-02,2026-03-04,3629272.64,3629272.64,UZS,SAM
R000946,M0622,Baraka Market MChJ,SV-002837,2026-02-02,2026-03-04,3436608.00,3436608.00,UZS,FAR
R000947,M0633,Toshmatov Shahnoza YaTT,SV-002838,2026-02-02,2026-03-19,3919041.28,3919041.28,UZS,FAR
R000948,M0752,Rasulov Dilshod YaTT,SV-002839,2026-02-02,2026-02-17,1218120.96,1218120.96,UZS,FAR
R000949,M0143,Saidov Sardor YaTT,SV-002845,2026-02-03,2026-03-05,18817872.64,18817872.64,UZS,FAR
R000950,M0806,Istiqbol Import MChJ,SV-002849,2026-02-03,2026-02-18,188.74,188.74,USD,TOS
R000951,M0421,Yusupov Anvar YaTT,SV-002853,2026-02-03,2026-03-20,7300496.00,7300496.00,UZS,BUX
R000952,M0203,Mehr Trade MChJ,SV-002858,2026-02-03,2026-03-05,2147040.00,2147040.00,UZS,SAM
R000953,M0756,Diyor Market MChJ,SV-002859,2026-02-03,2026-03-05,644750.40,644750.40,UZS,FAR
R000954,M0314,Sobirov Sherzod YaTT,SV-002861,2026-02-04,2026-03-06,195328.00,195328.00,UZS,TOS
R000955,M0651,Sharq Market MChJ,SV-002862,2026-02-04,2026-02-19,929040.00,929040.00,UZS,TOS
R000956,M0038,Baraka Invest MChJ,SV-002863,2026-02-04,2026-03-21,916849.92,916849.92,UZS,SAM
R000957,M0209,Karimov Malika YaTT,SV-002864,2026-02-04,2026-03-21,10405687.04,10405687.04,UZS,TOS
R000958,M0152,Qodirov Sardor YaTT,SV-002866,2026-02-04,2026-02-19,7123101.44,7123101.44,UZS,SAM
R000959,M0806,Istiqbol Import MChJ,SV-002874,2026-02-05,2026-03-22,799.10,799.10,USD,TOS
R000960,M0471,Toshmatov Sherzod YaTT,SV-002875,2026-02-05,2026-02-20,436374.40,436374.40,UZS,TOS
R000961,M0388,Yulduz Servis MChJ,SV-002878,2026-02-05,2026-02-20,11766928.32,11766928.32,UZS,BUX
R000962,M0350,Istiqbol Trade MChJ,SV-002881,2026-02-05,2026-03-22,5193036.80,5193036.80,UZS,TOS
R000963,M0018,Nazarov Gulnora YaTT,SV-002883,2026-02-05,2026-03-07,11754100.96,11754100.96,UZS,TOS
R000964,M0193,Aliyev Shahnoza YaTT,SV-002884,2026-02-05,2026-03-07,4611689.60,4611689.60,UZS,FAR
R000965,M0796,Mehr Servis MChJ,SV-002885,2026-02-05,2026-03-07,4463894.40,4463894.40,UZS,TOS
R000966,M0790,Ravnaq Savdo MChJ,SV-002890,2026-02-05,2026-02-20,520128.00,520128.00,UZS,BUX
R000967,M0455,Diyor Invest MChJ,SV-002891,2026-02-05,2026-03-07,2098757.92,1238267.17,UZS,FAR
R000968,M0289,Ergashev Nigora YaTT,SV-002892,2026-02-05,2026-03-22,1379016.80,1379016.80,UZS,TOS
R000969,M0724,Ergashev Sardor YaTT,SV-002894,2026-02-06,2026-03-23,4726928.64,4726928.64,UZS,SAM
R000970,M0803,Oltin Import MChJ,SV-002895,2026-02-06,2026-03-23,23.98,23.98,USD,TOS
R000971,M0299,Abdullayev Nodir YaTT,SV-002900,2026-02-06,2026-03-23,1064044.80,1064044.80,UZS,FAR
R000972,M0269,Sahovat Market MChJ,SV-002911,2026-02-07,2026-02-22,997920.00,997920.00,UZS,TOS
R000973,M0804,Ziyo Import MChJ,SV-002918,2026-02-07,2026-02-22,68.16,68.16,USD,TOS
R000974,M0429,Yusupov Gulnora YaTT,SV-002923,2026-02-07,2026-03-24,2667392.00,2667392.00,UZS,FAR
R000975,M0221,Hamidov Kamola YaTT,SV-002927,2026-02-08,2026-03-25,455952.00,455952.00,UZS,FAR
R000976,M0745,Mirzayev Sherzod YaTT,SV-002931,2026-02-08,2026-03-10,2589776.00,2589776.00,UZS,BUX
R000977,M0365,Xolmatov Jasur YaTT,SV-002932,2026-02-08,2026-03-25,9374892.80,9374892.80,UZS,TOS
R000978,M0002,Hamidov Kamola YaTT,SV-002934,2026-02-08,2026-03-25,4652782.40,4652782.40,UZS,TOS
R000979,M0064,Xolmatov Nodir YaTT,SV-002936,2026-02-08,2026-02-23,3305120.00,3305120.00,UZS,TOS
R000980,M0248,Hamidov Shahnoza YaTT,SV-002939,2026-02-09,2026-03-11,6450192.00,4063620.96,UZS,FAR
R000981,M0440,Omad Servis MChJ,SV-002941,2026-02-09,2026-02-24,3851542.24,3851542.24,UZS,SAM
R000982,M0685,Abdullayev Otabek YaTT,SV-002948,2026-02-09,2026-03-26,2794803.20,1089973.25,UZS,SAM
R000983,M0612,Saidov Dilnoza YaTT,SV-002953,2026-02-10,2026-03-27,6372038.40,6372038.40,UZS,TOS
R000984,M0057,Sahovat Savdo MChJ,SV-002956,2026-02-10,2026-03-27,6002080.00,6002080.00,UZS,TOS
R000985,M0177,Karimov Dilnoza YaTT,SV-002962,2026-02-10,2026-03-27,7010819.20,7010819.20,UZS,BUX
R000986,M0033,Hamidov Feruza YaTT,SV-002972,2026-02-11,2026-02-26,5112128.00,5112128.00,UZS,FAR
R000987,M0191,Nazarov Otabek YaTT,SV-002976,2026-02-11,2026-03-28,7789951.68,3349679.22,UZS,TOS
R000988,M0036,Toshmatov Dilshod YaTT,SV-002978,2026-02-11,2026-03-28,2854010.88,2854010.88,UZS,SAM
R000989,M0114,Mirzayev Bekzod YaTT,SV-002980,2026-02-11,2026-02-26,8112039.04,8112039.04,UZS,FAR
R000990,M0400,Rasulov Dilshod YaTT,SV-002981,2026-02-11,2026-03-13,2097123.84,2097123.84,UZS,BUX
R000991,M0082,Ziyo Market MChJ,SV-002984,2026-02-12,2026-03-29,3683008.00,3683008.00,UZS,BUX
R000992,M0238,Rasulov Bekzod YaTT,SV-002988,2026-02-12,2026-03-29,2378700.80,2378700.80,UZS,TOS
R000993,M0305,Sobirov Malika YaTT,SV-002990,2026-02-12,2026-03-29,2779112.00,2779112.00,UZS,TOS
R000994,M0297,Nur Savdo MChJ,SV-002991,2026-02-12,2026-02-27,5600896.00,5600896.00,UZS,TOS
R000995,M0340,Toshmatov Aziz YaTT,SV-002994,2026-02-12,2026-03-29,1322967.52,1322967.52,UZS,TOS
R000996,M0800,Rahimov Javlon YaTT,SV-003002,2026-02-13,2026-03-30,4993408.00,4993408.00,UZS,TOS
R000997,M0195,Istiqbol Invest MChJ,SV-003007,2026-02-13,2026-02-28,94248.00,94248.00,UZS,SAM
R000998,M0763,Karimov Nodir YaTT,SV-003010,2026-02-13,2026-03-15,4646992.00,1161748.00,UZS,SAM
R000999,M0110,Sahovat Market MChJ,SV-003014,2026-02-14,2026-03-31,8142234.24,8142234.24,UZS,FAR
R001000,M0771,Rasulov Bekzod YaTT,SV-003015,2026-02-14,2026-03-31,4122272.00,4122272.00,UZS,TOS
R001001,M0656,Xolmatov Nigora YaTT,SV-003016,2026-02-14,2026-03-31,7896309.12,7896309.12,UZS,FAR
R001002,M0139,Yulduz Market MChJ,SV-003017,2026-02-14,2026-03-01,723072.00,723072.00,UZS,SAM
R001003,M0170,Ergashev Gulnora YaTT,SV-003018,2026-02-14,2026-03-31,6866496.00,6866496.00,UZS,TOS
R001004,M0581,Karimov Dilnoza YaTT,SV-003019,2026-02-14,2026-03-01,5393463.04,5393463.04,UZS,TOS
R001005,M0104,Ziyo Servis MChJ,SV-003021,2026-02-14,2026-03-01,1593312.00,1593312.00,UZS,TOS
R001006,M0048,Nur Savdo MChJ,SV-003024,2026-02-14,2026-03-31,12277991.04,12277991.04,UZS,TOS
R001007,M0773,Bunyod Invest MChJ,SV-003025,2026-02-14,2026-03-31,4491441.92,4491441.92,UZS,FAR
R001008,M0591,Yusupov Anvar YaTT,SV-003027,2026-02-14,2026-03-16,3718108.80,3718108.80,UZS,FAR
R001009,M0789,Mirzayev Zarina YaTT,SV-003031,2026-02-14,2026-03-31,4520096.00,4520096.00,UZS,TOS
R001010,M0553,Qodirov Sherzod YaTT,SV-003035,2026-02-15,2026-03-02,16483783.68,16483783.68,UZS,SAM
R001011,M0009,Hamidov Nodir YaTT,SV-003036,2026-02-15,2026-04-01,2542400.00,2542400.00,UZS,TOS
R001012,M0758,Aliyev Umid YaTT,SV-003037,2026-02-15,2026-04-01,483436.80,483436.80,UZS,BUX
R001013,M0439,Yusupov Rustam YaTT,SV-003045,2026-02-15,2026-03-02,8780829.12,8780829.12,UZS,SAM
R001014,M0367,Yusupov Rustam YaTT,SV-003048,2026-02-16,2026-03-18,4337312.00,4337312.00,UZS,FAR
R001015,M0123,Nur Trade MChJ,SV-003049,2026-02-16,2026-03-03,1088640.00,1088640.00,UZS,BUX
R001016,M0708,Qodirov Sardor YaTT,SV-003051,2026-02-16,2026-03-03,438905.60,438905.60,UZS,FAR
R001017,M0378,Farovon Invest MChJ,SV-003056,2026-02-16,2026-03-03,4740512.00,4740512.00,UZS,BUX
R001018,M0671,Sharq Servis MChJ,SV-003061,2026-02-16,2026-04-02,4366920.32,4366920.32,UZS,TOS
R001019,M0033,Hamidov Feruza YaTT,SV-003067,2026-02-17,2026-03-04,178563.84,178563.84,UZS,FAR
R001020,M0068,Saidov Dilnoza YaTT,SV-003070,2026-02-17,2026-03-04,6604416.00,6604416.00,UZS,BUX
R001021,M0242,Aliyev Javlon YaTT,SV-003073,2026-02-17,2026-03-04,10932176.64,10932176.64,UZS,FAR
R001022,M0408,Bunyod Invest MChJ,SV-003074,2026-02-17,2026-03-04,15917524.00,15917524.00,UZS,TOS
R001023,M0256,Karimov Nigora YaTT,SV-003075,2026-02-17,2026-04-03,24752931.84,8663526.14,UZS,FAR
R001024,M0636,Karimov Zarina YaTT,SV-003077,2026-02-17,2026-04-03,4172896.00,1418784.64,UZS,BUX
R001025,M0709,Ziyo Servis MChJ,SV-003078,2026-02-17,2026-03-19,135632.00,135632.00,UZS,TOS
R001026,M0744,Hamidov Kamola YaTT,SV-003082,2026-02-18,2026-03-20,3921568.00,3921568.00,UZS,TOS
R001027,M0636,Karimov Zarina YaTT,SV-003083,2026-02-18,2026-03-05,504655.20,126163.80,UZS,BUX
R001028,M0109,Aliyev Anvar YaTT,SV-003086,2026-02-18,2026-03-20,8102859.52,8102859.52,UZS,FAR
R001029,M0387,Rasulov Rustam YaTT,SV-003087,2026-02-18,2026-03-20,6248732.00,6248732.00,UZS,TOS
R001030,M0477,Hamidov Dilshod YaTT,SV-003091,2026-02-18,2026-03-05,929712.00,929712.00,UZS,SAM
R001031,M0012,Mehr Servis MChJ,SV-003094,2026-02-18,2026-03-20,17035200.00,17035200.00,UZS,SAM
R001032,M0600,Hamidov Umid YaTT,SV-003097,2026-02-18,2026-03-20,2480912.00,2480912.00,UZS,FAR
R001033,M0174,Mehr Savdo MChJ,SV-003104,2026-02-19,2026-04-05,3872960.00,3872960.00,UZS,BUX
R001034,M0530,Qodirov Umid YaTT,SV-003106,2026-02-19,2026-04-05,10299948.96,10299948.96,UZS,FAR
R001035,M0743,Yusupov Sherzod YaTT,SV-003109,2026-02-19,2026-03-21,2448141.92,2448141.92,UZS,SAM
R001036,M0625,Ziyo Savdo MChJ,SV-003110,2026-02-19,2026-03-21,3144960.00,1069286.40,UZS,SAM
R001037,M0168,Ziyo Savdo MChJ,SV-003111,2026-02-19,2026-04-05,5383537.60,5383537.60,UZS,SAM
R001038,M0526,Nur Market MChJ,SV-003115,2026-02-19,2026-04-05,4636128.00,4636128.00,UZS,TOS
R001039,M0680,Mirzayev Malika YaTT,SV-003116,2026-02-19,2026-04-05,574560.00,471139.20,UZS,FAR
R001040,M0375,Bunyod Market MChJ,SV-003118,2026-02-20,2026-04-06,2161936.00,2161936.00,UZS,SAM
R001041,M0292,Karimov Nodir YaTT,SV-003120,2026-02-20,2026-04-06,1909864.32,1909864.32,UZS,TOS
R001042,M0520,Hamidov Sardor YaTT,SV-003123,2026-02-20,2026-03-07,7238824.32,7238824.32,UZS,TOS
R001043,M0598,Rasulov Nodir YaTT,SV-003124,2026-02-20,2026-03-22,827998.08,827998.08,UZS,SAM
R001044,M0300,Nazarov Jasur YaTT,SV-003127,2026-02-20,2026-04-06,2132603.20,2132603.20,UZS,FAR
R001045,M0398,Zamin Trade MChJ,SV-003129,2026-02-20,2026-04-06,15254573.60,15254573.60,UZS,TOS
R001046,M0703,Zamin Servis MChJ,SV-003130,2026-02-20,2026-04-06,8130808.00,8130808.00,UZS,FAR
R001047,M0762,Nur Invest MChJ,SV-003131,2026-02-20,2026-04-06,164572.80,80640.67,UZS,BUX
R001048,M0777,Istiqbol Invest MChJ,SV-003132,2026-02-20,2026-04-06,253108.80,253108.80,UZS,SAM
R001049,M0032,Tong Trade MChJ,SV-003134,2026-02-20,2026-03-22,247345.28,247345.28,UZS,TOS
R001050,M0238,Rasulov Bekzod YaTT,SV-003135,2026-02-21,2026-04-07,1048320.00,1048320.00,UZS,TOS
R001051,M0528,Diyor Trade MChJ,SV-003137,2026-02-21,2026-03-08,935928.00,18718.56,UZS,FAR
R001052,M0366,Saidov Sherzod YaTT,SV-003140,2026-02-21,2026-03-08,2097063.36,1321149.92,UZS,TOS
R001053,M0409,Sobirov Dilshod YaTT,SV-003143,2026-02-21,2026-04-07,942480.00,942480.00,UZS,FAR
R001054,M0175,Ravnaq Savdo MChJ,SV-003149,2026-02-21,2026-04-07,6810720.00,6810720.00,UZS,FAR
R001055,M0450,Aliyev Sherzod YaTT,SV-003154,2026-02-22,2026-03-24,935249.28,607912.03,UZS,SAM
R001056,M0801,Baraka Import MChJ,SV-003163,2026-02-22,2026-03-24,329.65,329.65,USD,TOS
R001057,M0247,Aliyev Dilnoza YaTT,SV-003166,2026-02-23,2026-03-10,3250912.00,3250912.00,UZS,FAR
R001058,M0215,Sharq Trade MChJ,SV-003168,2026-02-23,2026-04-09,7566116.32,7566116.32,UZS,TOS
R001059,M0180,Rahimov Nodir YaTT,SV-003170,2026-02-23,2026-03-25,2387741.44,2387741.44,UZS,FAR
R001060,M0154,Rasulov Shahnoza YaTT,SV-003171,2026-02-23,2026-03-10,2272928.00,340939.20,UZS,TOS
R001061,M0116,Tong Savdo MChJ,SV-003173,2026-02-23,2026-04-09,1430016.00,1430016.00,UZS,SAM
R001062,M0263,Rahimov Dilshod YaTT,SV-003174,2026-02-23,2026-04-09,1414118.72,1414118.72,UZS,BUX
R001063,M0480,Zamin Savdo MChJ,SV-003182,2026-02-24,2026-03-11,1805260.80,1805260.80,UZS,SAM
R001064,M0653,Sahovat Trade MChJ,SV-003183,2026-02-24,2026-03-11,3607000.32,3607000.32,UZS,FAR
R001065,M0746,Saidov Nigora YaTT,SV-003185,2026-02-24,2026-03-26,3701246.08,3701246.08,UZS,SAM
R001066,M0493,Ziyo Savdo MChJ,SV-003186,2026-02-24,2026-03-11,5467481.60,5467481.60,UZS,SAM
R001067,M0772,Oltin Savdo MChJ,SV-003191,2026-02-24,2026-04-10,9319280.32,9319280.32,UZS,TOS
R001068,M0620,Zamin Savdo MChJ,SV-003196,2026-02-25,2026-04-11,5792832.64,5792832.64,UZS,FAR
R001069,M0226,Sahovat Market MChJ,SV-003197,2026-02-25,2026-03-12,6503703.36,6503703.36,UZS,TOS
R001070,M0261,Mirzayev Gulnora YaTT,SV-003201,2026-02-25,2026-03-12,2355248.00,2355248.00,UZS,FAR
R001071,M0363,Ziyo Savdo MChJ,SV-003202,2026-02-25,2026-03-12,904960.00,904960.00,UZS,TOS
R001072,M0135,Yulduz Market MChJ,SV-003205,2026-02-25,2026-03-27,6115191.04,6115191.04,UZS,SAM
R001073,M0129,Xolmatov Anvar YaTT,SV-003206,2026-02-25,2026-04-11,4096839.04,4096839.04,UZS,SAM
R001074,M0639,Rasulov Javlon YaTT,SV-003210,2026-02-26,2026-03-28,199180.80,199180.80,UZS,TOS
R001075,M0138,Hamidov Kamola YaTT,SV-003213,2026-02-26,2026-03-28,909888.00,909888.00,UZS,SAM
R001076,M0457,Nazarov Nigora YaTT,SV-003214,2026-02-26,2026-03-13,10431736.00,3233838.16,UZS,SAM
R001077,M0525,Yulduz Savdo MChJ,SV-003221,2026-02-26,2026-03-28,4419636.48,4419636.48,UZS,SAM
R001078,M0804,Ziyo Import MChJ,SV-003222,2026-02-26,2026-03-28,224.12,224.12,USD,TOS
R001079,M0210,Nur Market MChJ,SV-003223,2026-02-26,2026-04-12,9393036.80,9393036.80,UZS,TOS
R001080,M0014,Abdullayev Kamola YaTT,SV-003228,2026-02-27,2026-03-29,4474500.80,4474500.80,UZS,FAR
R001081,M0552,Ravnaq Servis MChJ,SV-003230,2026-02-27,2026-03-14,5825164.80,5825164.80,UZS,TOS
R001082,M0281,Sobirov Rustam YaTT,SV-003231,2026-02-27,2026-04-13,917784.00,917784.00,UZS,TOS
R001083,M0240,Mirzayev Javlon YaTT,SV-003233,2026-02-27,2026-04-13,3796150.40,3796150.40,UZS,TOS
R001084,M0786,Sharq Servis MChJ,SV-003235,2026-02-27,2026-04-13,1476454.56,1476454.56,UZS,SAM
R001085,M0735,Sobirov Malika YaTT,SV-003237,2026-02-27,2026-03-29,975985.92,380634.51,UZS,BUX
R001086,M0617,Ziyo Market MChJ,SV-003239,2026-02-27,2026-03-14,12579840.00,12579840.00,UZS,FAR
R001087,M0342,Qodirov Rustam YaTT,SV-003240,2026-02-27,2026-03-29,4493776.00,2022199.20,UZS,BUX
R001088,M0560,Baraka Trade MChJ,SV-003241,2026-02-27,2026-04-13,1949920.00,155993.60,UZS,TOS
R001089,M0429,Yusupov Gulnora YaTT,SV-003245,2026-02-28,2026-03-15,7804823.04,7804823.04,UZS,FAR
R001090,M0393,Zamin Savdo MChJ,SV-003247,2026-02-28,2026-03-30,4386348.96,4386348.96,UZS,TOS
R001091,M0672,Ziyo Trade MChJ,SV-003248,2026-02-28,2026-04-14,1998998.40,1998998.40,UZS,TOS
R001092,M0099,Rasulov Kamola YaTT,SV-003256,2026-02-28,2026-03-15,11869383.68,7596405.56,UZS,FAR
R001093,M0513,Xolmatov Jasur YaTT,SV-003258,2026-02-28,2026-03-30,751072.00,751072.00,UZS,SAM
R001094,M0072,Diyor Savdo MChJ,SV-003263,2026-03-01,2026-04-15,2253335.84,2253335.84,UZS,SAM
R001095,M0606,Mirzayev Nigora YaTT,SV-003264,2026-03-01,2026-03-16,2351216.00,2351216.00,UZS,TOS
R001096,M0490,Rahimov Umid YaTT,SV-003267,2026-03-01,2026-03-16,3485776.00,2928051.84,UZS,TOS
R001097,M0765,Xolmatov Dilshod YaTT,SV-003271,2026-03-01,2026-03-31,2681840.00,2681840.00,UZS,BUX
R001098,M0652,Tong Market MChJ,SV-003273,2026-03-01,2026-03-31,4347916.16,4347916.16,UZS,NAM
R001099,M0417,Rahimov Nigora YaTT,SV-003274,2026-03-02,2026-04-01,5071136.00,5071136.00,UZS,TOS
R001100,M0377,Yusupov Gulnora YaTT,SV-003275,2026-03-02,2026-04-16,7854282.24,7854282.24,UZS,FAR
R001101,M0239,Ziyo Trade MChJ,SV-003277,2026-03-02,2026-03-17,2484321.28,2484321.28,UZS,FAR
R001102,M0272,Yusupov Otabek YaTT,SV-003283,2026-03-02,2026-04-01,3801461.44,3801461.44,UZS,SAM
R001103,M0196,Nazarov Sardor YaTT,SV-003284,2026-03-02,2026-04-01,663707.52,663707.52,UZS,BUX
R001104,M0651,Sharq Market MChJ,SV-003288,2026-03-02,2026-04-16,3994865.28,3994865.28,UZS,TOS
R001105,M0281,Sobirov Rustam YaTT,SV-003290,2026-03-02,2026-03-17,605696.00,605696.00,UZS,TOS
R001106,M0178,Omad Servis MChJ,SV-003292,2026-03-02,2026-03-17,5497528.96,5497528.96,UZS,SAM
R001107,M0043,Baraka Servis MChJ,SV-003300,2026-03-03,2026-04-17,829696.00,829696.00,UZS,NAM
R001108,M0645,Hamidov Kamola YaTT,SV-003301,2026-03-03,2026-04-17,3364785.76,3364785.76,UZS,TOS
R001109,M0514,Ziyo Savdo MChJ,SV-003303,2026-03-03,2026-03-18,12758677.12,12758677.12,UZS,FAR
R001110,M0078,Mirzayev Jasur YaTT,SV-003304,2026-03-03,2026-04-02,2513641.76,2513641.76,UZS,SAM
R001111,M0291,Sharq Trade MChJ,SV-003310,2026-03-03,2026-04-17,1832208.00,1832208.00,UZS,FAR
R001112,M0542,Rahimov Anvar YaTT,SV-003312,2026-03-03,2026-04-17,2480190.72,2480190.72,UZS,TOS
R001113,M0789,Mirzayev Zarina YaTT,SV-003315,2026-03-03,2026-03-18,4109504.00,4109504.00,UZS,TOS
R001114,M0353,Diyor Savdo MChJ,SV-003320,2026-03-04,2026-03-19,401408.00,401408.00,UZS,BUX
R001115,M0757,Zamin Savdo MChJ,SV-003329,2026-03-04,2026-04-03,9459968.00,9459968.00,UZS,NAM
R001116,M0359,Sharq Trade MChJ,SV-003330,2026-03-04,2026-03-19,7488794.88,7488794.88,UZS,NAM
R001117,M0429,Yusupov Gulnora YaTT,SV-003333,2026-03-04,2026-04-03,4898792.64,4898792.64,UZS,FAR
R001118,M0808,Omad Import MChJ,SV-003334,2026-03-04,2026-03-19,903.07,903.07,USD,TOS
R001119,M0008,Aliyev Sherzod YaTT,SV-003336,2026-03-05,2026-04-04,728896.00,604983.68,UZS,FAR
R001120,M0545,Istiqbol Savdo MChJ,SV-003338,2026-03-05,2026-04-04,2632896.00,2632896.00,UZS,TOS
R001121,M0065,Toshmatov Nigora YaTT,SV-003342,2026-03-05,2026-04-19,1162112.00,801857.28,UZS,SAM
R001122,M0722,Yusupov Otabek YaTT,SV-003344,2026-03-05,2026-03-20,1557248.00,1557248.00,UZS,TOS
R001123,M0353,Diyor Savdo MChJ,SV-003350,2026-03-05,2026-03-20,2876046.88,2876046.88,UZS,BUX
R001124,M0498,Sobirov Gulnora YaTT,SV-003355,2026-03-05,2026-04-19,6572051.36,3286025.68,UZS,TOS
R001125,M0581,Karimov Dilnoza YaTT,SV-003357,2026-03-05,2026-04-19,316960.00,316960.00,UZS,TOS
R001126,M0565,Xolmatov Aziz YaTT,SV-003361,2026-03-06,2026-04-20,1996126.72,1996126.72,UZS,FAR
R001127,M0555,Sahovat Servis MChJ,SV-003368,2026-03-06,2026-04-20,2991156.00,2991156.00,UZS,BUX
R001128,M0291,Sharq Trade MChJ,SV-003369,2026-03-06,2026-04-05,9119530.56,9119530.56,UZS,FAR
R001129,M0220,Rahimov Bekzod YaTT,SV-003374,2026-03-06,2026-04-20,8840563.20,2917385.86,UZS,SAM
R001130,M0704,Qodirov Dilnoza YaTT,SV-003377,2026-03-07,2026-03-22,12441049.60,12441049.60,UZS,FAR
R001131,M0326,Aliyev Feruza YaTT,SV-003381,2026-03-07,2026-03-22,8871657.76,8871657.76,UZS,FAR
R001132,M0472,Istiqbol Trade MChJ,SV-003383,2026-03-07,2026-04-21,1677939.20,1677939.20,UZS,BUX
R001133,M0194,Bunyod Servis MChJ,SV-003385,2026-03-07,2026-04-21,1136997.12,1136997.12,UZS,FAR
R001134,M0755,Toshmatov Bekzod YaTT,SV-003389,2026-03-07,2026-04-06,7677570.88,7677570.88,UZS,TOS
R001135,M0678,Toshmatov Shahnoza YaTT,SV-003393,2026-03-07,2026-03-22,16513772.80,13706431.42,UZS,TOS
R001136,M0565,Xolmatov Aziz YaTT,SV-003395,2026-03-07,2026-03-22,1337840.00,1337840.00,UZS,FAR
R001137,M0794,Sahovat Servis MChJ,SV-003403,2026-03-08,2026-04-07,13775565.44,13775565.44,UZS,TOS
R001138,M0787,Farovon Market MChJ,SV-003406,2026-03-08,2026-04-07,4388384.00,4388384.00,UZS,TOS
R001139,M0682,Qodirov Shahnoza YaTT,SV-003421,2026-03-09,2026-04-23,8939860.16,8939860.16,UZS,BUX
R001140,M0793,Baraka Trade MChJ,SV-003422,2026-03-09,2026-04-08,2869417.60,2869417.60,UZS,SAM
R001141,M0349,Nur Invest MChJ,SV-003423,2026-03-09,2026-03-24,11094419.84,11094419.84,UZS,TOS
R001142,M0457,Nazarov Nigora YaTT,SV-003427,2026-03-09,2026-04-08,3630636.80,3630636.80,UZS,SAM
R001143,M0692,Mirzayev Rustam YaTT,SV-003428,2026-03-09,2026-03-24,10143078.40,10143078.40,UZS,FAR
R001144,M0338,Rasulov Gulnora YaTT,SV-003429,2026-03-09,2026-03-24,3761458.40,3761458.40,UZS,FAR
R001145,M0279,Istiqbol Market MChJ,SV-003430,2026-03-09,2026-03-24,4741920.96,4741920.96,UZS,FAR
R001146,M0428,Sobirov Zarina YaTT,SV-003431,2026-03-09,2026-04-08,239008.00,239008.00,UZS,NAM
R001147,M0066,Sahovat Servis MChJ,SV-003432,2026-03-10,2026-04-24,1262154.88,1262154.88,UZS,FAR
R001148,M0303,Hamidov Malika YaTT,SV-003435,2026-03-10,2026-04-09,2203712.00,2203712.00,UZS,NAM
R001149,M0663,Abdullayev Zarina YaTT,SV-003437,2026-03-10,2026-04-24,5073159.84,5073159.84,UZS,NAM
R001150,M0259,Ergashev Jasur YaTT,SV-003439,2026-03-10,2026-04-09,393008.00,393008.00,UZS,TOS
R001151,M0270,Abdullayev Shahnoza YaTT,SV-003440,2026-03-10,2026-04-09,8070312.32,8070312.32,UZS,FAR
R001152,M0051,Xolmatov Sardor YaTT,SV-003443,2026-03-10,2026-04-09,1471652.00,1471652.00,UZS,FAR
R001153,M0794,Sahovat Servis MChJ,SV-003451,2026-03-10,2026-04-09,5760879.04,5760879.04,UZS,TOS
R001154,M0516,Qodirov Bekzod YaTT,SV-003452,2026-03-10,2026-03-25,4138960.00,4138960.00,UZS,FAR
R001155,M0695,Rahimov Dilshod YaTT,SV-003456,2026-03-11,2026-04-10,666288.00,666288.00,UZS,SAM
R001156,M0314,Sobirov Sherzod YaTT,SV-003457,2026-03-11,2026-04-25,4538352.00,4538352.00,UZS,TOS
R001157,M0607,Xolmatov Nodir YaTT,SV-003458,2026-03-11,2026-04-10,6920811.52,6920811.52,UZS,FAR
R001158,M0438,Bunyod Trade MChJ,SV-003462,2026-03-11,2026-04-25,4106056.64,4106056.64,UZS,NAM
R001159,M0134,Diyor Market MChJ,SV-003466,2026-03-11,2026-03-26,3486864.64,2092118.78,UZS,FAR
R001160,M0483,Mirzayev Jasur YaTT,SV-003469,2026-03-11,2026-04-25,1745520.00,488745.60,UZS,SAM
R001161,M0761,Yulduz Market MChJ,SV-003472,2026-03-11,2026-04-10,3059669.76,3059669.76,UZS,TOS
R001162,M0386,Ravnaq Trade MChJ,SV-003474,2026-03-11,2026-04-25,4566219.84,4566219.84,UZS,BUX
R001163,M0763,Karimov Nodir YaTT,SV-003479,2026-03-12,2026-04-26,12330057.60,5301924.77,UZS,SAM
R001164,M0681,Nur Savdo MChJ,SV-003480,2026-03-12,2026-04-11,4132145.92,4132145.92,UZS,TOS
R001165,M0765,Xolmatov Dilshod YaTT,SV-003487,2026-03-12,2026-04-11,2359896.00,2359896.00,UZS,BUX
R001166,M0303,Hamidov Malika YaTT,SV-003492,2026-03-12,2026-03-27,798784.00,798784.00,UZS,NAM
R001167,M0366,Saidov Sherzod YaTT,SV-003495,2026-03-12,2026-04-11,3292793.28,3292793.28,UZS,TOS
R001168,M0069,Sobirov Shahnoza YaTT,SV-003498,2026-03-13,2026-03-28,4147454.08,4147454.08,UZS,FAR
R001169,M0478,Zamin Servis MChJ,SV-003509,2026-03-13,2026-04-27,1059296.00,1059296.00,UZS,FAR
R001170,M0440,Omad Servis MChJ,SV-003511,2026-03-13,2026-04-27,93699.20,93699.20,UZS,SAM
R001171,M0429,Yusupov Gulnora YaTT,SV-003515,2026-03-13,2026-03-28,14526901.76,5084415.62,UZS,FAR
R001172,M0044,Nazarov Bekzod YaTT,SV-003520,2026-03-14,2026-03-29,1352893.92,1352893.92,UZS,BUX
R001173,M0090,Yulduz Invest MChJ,SV-003522,2026-03-14,2026-04-28,4463795.84,4463795.84,UZS,BUX
R001174,M0514,Ziyo Savdo MChJ,SV-003530,2026-03-14,2026-04-13,5436544.96,5436544.96,UZS,FAR
R001175,M0156,Xolmatov Sherzod YaTT,SV-003531,2026-03-14,2026-03-29,1825391.68,109523.50,UZS,TOS
R001176,M0746,Saidov Nigora YaTT,SV-003532,2026-03-14,2026-04-28,4192608.00,4192608.00,UZS,SAM
R001177,M0227,Tong Trade MChJ,SV-003534,2026-03-14,2026-04-13,3639932.80,3639932.80,UZS,NAM
R001178,M0716,Diyor Invest MChJ,SV-003540,2026-03-15,2026-04-14,1954064.00,1954064.00,UZS,BUX
R001179,M0151,Sobirov Dilnoza YaTT,SV-003541,2026-03-15,2026-04-14,4947004.16,4947004.16,UZS,NAM
R001180,M0608,Oltin Servis MChJ,SV-003549,2026-03-15,2026-04-14,2685576.32,2685576.32,UZS,FAR
R001181,M0572,Mirzayev Gulnora YaTT,SV-003559,2026-03-16,2026-04-15,1084608.00,1084608.00,UZS,NAM
R001182,M0133,Xolmatov Jasur YaTT,SV-003563,2026-03-16,2026-04-30,17614428.16,17614428.16,UZS,BUX
R001183,M0191,Nazarov Otabek YaTT,SV-003565,2026-03-16,2026-03-31,4955955.20,4955955.20,UZS,TOS
R001184,M0090,Yulduz Invest MChJ,SV-003567,2026-03-16,2026-04-15,336743.68,336743.68,UZS,BUX
R001185,M0008,Aliyev Sherzod YaTT,SV-003568,2026-03-16,2026-04-30,111552.00,111552.00,UZS,FAR
R001186,M0026,Sobirov Gulnora YaTT,SV-003570,2026-03-16,2026-03-31,3697344.00,3697344.00,UZS,BUX
R001187,M0559,Mehr Servis MChJ,SV-003572,2026-03-16,2026-04-15,698656.00,698656.00,UZS,SAM
R001188,M0256,Karimov Nigora YaTT,SV-003574,2026-03-16,2026-03-31,8494416.00,3567654.72,UZS,FAR
R001189,M0510,Sharq Invest MChJ,SV-003575,2026-03-16,2026-03-31,4813589.76,1684756.42,UZS,TOS
R001190,M0513,Xolmatov Jasur YaTT,SV-003577,2026-03-17,2026-04-01,7855146.88,3691919.03,UZS,SAM
R001191,M0499,Omad Trade MChJ,SV-003578,2026-03-17,2026-05-01,5277664.00,5277664.00,UZS,SAM
R001192,M0661,Aliyev Anvar YaTT,SV-003579,2026-03-17,2026-04-01,3214020.32,3214020.32,UZS,TOS
R001193,M0568,Toshmatov Javlon YaTT,SV-003586,2026-03-17,2026-05-01,3721646.88,3721646.88,UZS,SAM
R001194,M0607,Xolmatov Nodir YaTT,SV-003593,2026-03-17,2026-05-01,11135476.80,11135476.80,UZS,FAR
R001195,M0641,Nazarov Jasur YaTT,SV-003595,2026-03-17,2026-04-01,5239584.00,5239584.00,UZS,TOS
R001196,M0091,Ravnaq Trade MChJ,SV-003599,2026-03-18,2026-05-02,2959720.96,2959720.96,UZS,SAM
R001197,M0556,Nazarov Bekzod YaTT,SV-003601,2026-03-18,2026-05-02,6051911.04,6051911.04,UZS,SAM
R001198,M0552,Ravnaq Servis MChJ,SV-003608,2026-03-18,2026-04-17,3002036.80,3002036.80,UZS,TOS
R001199,M0384,Mehr Market MChJ,SV-003612,2026-03-18,2026-04-02,2278541.44,2278541.44,UZS,FAR
R001200,M0770,Karimov Otabek YaTT,SV-003617,2026-03-18,2026-04-17,523936.00,523936.00,UZS,FAR
R001201,M0289,Ergashev Nigora YaTT,SV-003618,2026-03-19,2026-04-18,4450880.00,4450880.00,UZS,TOS
R001202,M0133,Xolmatov Jasur YaTT,SV-003619,2026-03-19,2026-04-18,957600.00,957600.00,UZS,BUX
R001203,M0265,Zamin Servis MChJ,SV-003620,2026-03-19,2026-04-03,13133882.72,13133882.72,UZS,BUX
R001204,M0745,Mirzayev Sherzod YaTT,SV-003622,2026-03-19,2026-04-03,12578099.52,12578099.52,UZS,BUX
R001205,M0464,Istiqbol Servis MChJ,SV-003624,2026-03-19,2026-04-03,715274.56,715274.56,UZS,TOS
R001206,M0783,Nazarov Dilnoza YaTT,SV-003626,2026-03-19,2026-04-18,3570566.72,3570566.72,UZS,BUX
R001207,M0076,Ergashev Malika YaTT,SV-003629,2026-03-19,2026-04-03,11973483.20,11973483.20,UZS,BUX
R001208,M0749,Omad Trade MChJ,SV-003634,2026-03-19,2026-05-03,624512.00,624512.00,UZS,BUX
R001209,M0400,Rasulov Dilshod YaTT,SV-003635,2026-03-19,2026-04-18,3817953.44,3817953.44,UZS,BUX
R001210,M0691,Mehr Invest MChJ,SV-003636,2026-03-19,2026-04-18,2638413.12,2638413.12,UZS,BUX
R001211,M0798,Ravnaq Market MChJ,SV-003643,2026-03-20,2026-04-04,11904560.64,11904560.64,UZS,SAM
R001212,M0235,Sobirov Malika YaTT,SV-003644,2026-03-20,2026-04-19,469504.00,469504.00,UZS,TOS
R001213,M0803,Oltin Import MChJ,SV-003647,2026-03-20,2026-04-19,356.77,356.77,USD,TOS
R001214,M0523,Rasulov Jasur YaTT,SV-003650,2026-03-20,2026-04-04,5343578.24,5343578.24,UZS,NAM
R001215,M0272,Yusupov Otabek YaTT,SV-003652,2026-03-20,2026-04-19,3494848.00,3494848.00,UZS,SAM
R001216,M0315,Nur Market MChJ,SV-003654,2026-03-20,2026-05-04,10905229.44,10905229.44,UZS,FAR
R001217,M0495,Xolmatov Aziz YaTT,SV-003655,2026-03-20,2026-05-04,2541154.56,2541154.56,UZS,BUX
R001218,M0096,Karimov Otabek YaTT,SV-003659,2026-03-21,2026-04-20,4220500.48,4220500.48,UZS,SAM
R001219,M0537,Rahimov Rustam YaTT,SV-003663,2026-03-21,2026-04-05,5594402.24,5594402.24,UZS,BUX
R001220,M0152,Qodirov Sardor YaTT,SV-003665,2026-03-21,2026-05-05,19408258.24,19408258.24,UZS,SAM
R001221,M0785,Rasulov Dilnoza YaTT,SV-003667,2026-03-21,2026-04-05,3140907.84,3140907.84,UZS,TOS
R001222,M0476,Xolmatov Nodir YaTT,SV-003668,2026-03-21,2026-04-05,6612480.00,6612480.00,UZS,BUX
R001223,M0477,Hamidov Dilshod YaTT,SV-003670,2026-03-21,2026-05-05,5024241.60,2059939.06,UZS,SAM
R001224,M0189,Xolmatov Jasur YaTT,SV-003672,2026-03-21,2026-04-20,776675.20,287369.82,UZS,TOS
R001225,M0029,Rahimov Shahnoza YaTT,SV-003673,2026-03-21,2026-04-05,8500676.80,8500676.80,UZS,NAM
R001226,M0218,Oltin Servis MChJ,SV-003675,2026-03-21,2026-05-05,11128258.40,11128258.40,UZS,FAR
R001227,M0249,Rahimov Dilshod YaTT,SV-003679,2026-03-22,2026-05-06,589344.00,589344.00,UZS,SAM
R001228,M0158,Baraka Trade MChJ,SV-003682,2026-03-22,2026-05-06,9118251.52,9118251.52,UZS,TOS
R001229,M0696,Yusupov Jasur YaTT,SV-003683,2026-03-22,2026-05-06,3000958.24,3000958.24,UZS,TOS
R001230,M0073,Yusupov Aziz YaTT,SV-003686,2026-03-22,2026-04-21,3761741.76,3761741.76,UZS,TOS
R001231,M0198,Oltin Invest MChJ,SV-003687,2026-03-22,2026-05-06,7697435.20,6003999.46,UZS,TOS
R001232,M0054,Omad Savdo MChJ,SV-003688,2026-03-22,2026-05-06,2706784.64,1109781.70,UZS,TOS
R001233,M0241,Baraka Invest MChJ,SV-003690,2026-03-23,2026-05-07,6158432.00,6158432.00,UZS,TOS
R001234,M0063,Ergashev Sherzod YaTT,SV-003694,2026-03-23,2026-04-22,8507408.00,8507408.00,UZS,SAM
R001235,M0228,Rahimov Sherzod YaTT,SV-003696,2026-03-23,2026-04-07,5134855.04,5134855.04,UZS,SAM
R001236,M0421,Yusupov Anvar YaTT,SV-003698,2026-03-23,2026-05-07,8273216.00,8273216.00,UZS,BUX
R001237,M0589,Istiqbol Savdo MChJ,SV-003704,2026-03-23,2026-05-07,1270653.44,1270653.44,UZS,TOS
R001238,M0572,Mirzayev Gulnora YaTT,SV-003707,2026-03-23,2026-05-07,717696.00,717696.00,UZS,NAM
R001239,M0764,Qodirov Dilnoza YaTT,SV-003716,2026-03-24,2026-04-08,1358963.20,1358963.20,UZS,FAR
R001240,M0582,Nazarov Shahnoza YaTT,SV-003721,2026-03-24,2026-04-08,3983481.60,3983481.60,UZS,TOS
R001241,M0012,Mehr Servis MChJ,SV-003722,2026-03-24,2026-04-08,6221472.32,6221472.32,UZS,SAM
R001242,M0717,Farovon Market MChJ,SV-003723,2026-03-24,2026-04-23,4468504.32,2412992.33,UZS,FAR
R001243,M0553,Qodirov Sherzod YaTT,SV-003724,2026-03-24,2026-05-08,1124816.00,1124816.00,UZS,SAM
R001244,M0194,Bunyod Servis MChJ,SV-003726,2026-03-24,2026-04-08,6470544.64,2199985.18,UZS,FAR
R001245,M0207,Saidov Jasur YaTT,SV-003728,2026-03-24,2026-05-08,1797440.96,1797440.96,UZS,SAM
R001246,M0204,Yusupov Nodir YaTT,SV-003730,2026-03-25,2026-05-09,5418448.00,4822418.72,UZS,TOS
R001247,M0466,Zamin Invest MChJ,SV-003733,2026-03-25,2026-04-24,1512860.16,1512860.16,UZS,TOS
R001248,M0087,Saidov Rustam YaTT,SV-003736,2026-03-25,2026-04-09,2872423.68,2872423.68,UZS,NAM
R001249,M0135,Yulduz Market MChJ,SV-003737,2026-03-25,2026-05-09,740320.00,740320.00,UZS,SAM
R001250,M0217,Mehr Market MChJ,SV-003741,2026-03-25,2026-04-09,1789361.28,1789361.28,UZS,TOS
R001251,M0080,Omad Invest MChJ,SV-003742,2026-03-25,2026-05-09,10173358.72,10173358.72,UZS,FAR
R001252,M0692,Mirzayev Rustam YaTT,SV-003747,2026-03-25,2026-04-09,189504.00,189504.00,UZS,FAR
R001253,M0525,Yulduz Savdo MChJ,SV-003748,2026-03-25,2026-04-09,5322240.00,5322240.00,UZS,SAM
R001254,M0640,Aliyev Zarina YaTT,SV-003750,2026-03-26,2026-04-25,3694992.00,3694992.00,UZS,TOS
R001255,M0639,Rasulov Javlon YaTT,SV-003751,2026-03-26,2026-04-10,3612788.48,3612788.48,UZS,TOS
R001256,M0130,Rasulov Anvar YaTT,SV-003757,2026-03-26,2026-04-25,1067816.96,1067816.96,UZS,SAM
R001257,M0796,Mehr Servis MChJ,SV-003759,2026-03-26,2026-05-10,389077.92,389077.92,UZS,TOS
R001258,M0339,Mirzayev Sardor YaTT,SV-003760,2026-03-26,2026-05-10,2315442.08,2315442.08,UZS,SAM
R001259,M0197,Bunyod Trade MChJ,SV-003765,2026-03-26,2026-04-10,1899072.00,1899072.00,UZS,BUX
R001260,M0353,Diyor Savdo MChJ,SV-003768,2026-03-26,2026-04-25,6945201.76,6945201.76,UZS,BUX
R001261,M0009,Hamidov Nodir YaTT,SV-003770,2026-03-26,2026-04-10,2191728.00,2191728.00,UZS,TOS
R001262,M0154,Rasulov Shahnoza YaTT,SV-003771,2026-03-26,2026-04-10,1710329.60,684131.84,UZS,TOS
R001263,M0066,Sahovat Servis MChJ,SV-003772,2026-03-26,2026-04-10,3751378.40,3751378.40,UZS,FAR
R001264,M0007,Tong Trade MChJ,SV-003773,2026-03-27,2026-04-26,769088.32,769088.32,UZS,TOS
R001265,M0381,Farovon Servis MChJ,SV-003775,2026-03-27,2026-04-26,8115072.00,8115072.00,UZS,FAR
R001266,M0613,Sahovat Savdo MChJ,SV-003776,2026-03-27,2026-04-11,219887.36,219887.36,UZS,TOS
R001267,M0741,Ziyo Servis MChJ,SV-003777,2026-03-27,2026-04-26,7313219.20,7313219.20,UZS,TOS
R001268,M0374,Nur Invest MChJ,SV-003782,2026-03-27,2026-05-11,11742794.56,11742794.56,UZS,FAR
R001269,M0072,Diyor Savdo MChJ,SV-003784,2026-03-27,2026-04-26,1863008.00,1863008.00,UZS,SAM
R001270,M0719,Karimov Dilnoza YaTT,SV-003787,2026-03-27,2026-04-11,1060281.60,1060281.60,UZS,BUX
R001271,M0565,Xolmatov Aziz YaTT,SV-003790,2026-03-27,2026-04-26,2708608.00,2708608.00,UZS,FAR
R001272,M0373,Rasulov Rustam YaTT,SV-003800,2026-03-28,2026-04-12,2832006.24,1047842.31,UZS,FAR
R001273,M0556,Nazarov Bekzod YaTT,SV-003805,2026-03-28,2026-04-27,1084083.84,1084083.84,UZS,SAM
R001274,M0630,Aliyev Aziz YaTT,SV-003808,2026-03-28,2026-05-12,3547936.00,3547936.00,UZS,TOS
R001275,M0787,Farovon Market MChJ,SV-003811,2026-03-28,2026-05-12,9180552.64,9180552.64,UZS,TOS
R001276,M0345,Sahovat Market MChJ,SV-003813,2026-03-28,2026-05-12,11148144.00,11148144.00,UZS,TOS
R001277,M0256,Karimov Nigora YaTT,SV-003814,2026-03-29,2026-04-13,6373696.00,1657160.96,UZS,FAR
R001278,M0438,Bunyod Trade MChJ,SV-003821,2026-03-29,2026-05-13,7330247.68,7330247.68,UZS,NAM
R001279,M0688,Aliyev Bekzod YaTT,SV-003822,2026-03-29,2026-04-13,7931367.36,7931367.36,UZS,SAM
R001280,M0516,Qodirov Bekzod YaTT,SV-003825,2026-03-30,2026-05-14,130928.00,130928.00,UZS,FAR
R001281,M0259,Ergashev Jasur YaTT,SV-003826,2026-03-30,2026-04-14,6573837.76,6573837.76,UZS,TOS
R001282,M0205,Ergashev Shahnoza YaTT,SV-003827,2026-03-30,2026-04-29,7307440.00,3215273.60,UZS,SAM
R001283,M0802,Nur Import MChJ,SV-003832,2026-03-30,2026-04-29,115.14,115.14,USD,TOS
R001284,M0352,Rahimov Feruza YaTT,SV-003834,2026-03-30,2026-04-29,2984903.04,2984903.04,UZS,SAM
R001285,M0495,Xolmatov Aziz YaTT,SV-003839,2026-03-30,2026-05-14,7903404.32,7903404.32,UZS,BUX
R001286,M0088,Oltin Savdo MChJ,SV-003850,2026-03-31,2026-04-15,1690304.00,1690304.00,UZS,NAM
R001287,M0272,Yusupov Otabek YaTT,SV-003852,2026-03-31,2026-04-15,13027146.72,13027146.72,UZS,SAM
R001288,M0090,Yulduz Invest MChJ,SV-003853,2026-03-31,2026-04-15,9703576.96,9703576.96,UZS,BUX
R001289,M0652,Tong Market MChJ,SV-003863,2026-03-31,2026-05-15,7326625.60,7326625.60,UZS,NAM
R001290,M0436,Oltin Savdo MChJ,SV-003864,2026-03-31,2026-04-30,588265.44,588265.44,UZS,NAM
R001291,M0671,Sharq Servis MChJ,SV-003866,2026-03-31,2026-04-30,15393280.00,15393280.00,UZS,TOS
R001292,M0108,Hamidov Nigora YaTT,SV-003867,2026-04-01,2026-04-16,2260496.00,2260496.00,UZS,TOS
R001293,M0256,Karimov Nigora YaTT,SV-003868,2026-04-01,2026-05-01,6144423.04,860219.23,UZS,FAR
R001294,M0550,Tong Market MChJ,SV-003869,2026-04-01,2026-05-16,4309970.56,387897.35,UZS,TOS
R001295,M0413,Mirzayev Umid YaTT,SV-003874,2026-04-01,2026-05-16,1012032.00,1012032.00,UZS,NAM
R001296,M0696,Yusupov Jasur YaTT,SV-003877,2026-04-01,2026-04-16,4997061.44,4997061.44,UZS,TOS
R001297,M0328,Saidov Otabek YaTT,SV-003882,2026-04-01,2026-05-16,7984032.00,7984032.00,UZS,FAR
R001298,M0671,Sharq Servis MChJ,SV-003883,2026-04-01,2026-04-16,45194.24,45194.24,UZS,TOS
R001299,M0512,Nur Market MChJ,SV-003884,2026-04-02,2026-05-02,5694245.76,113884.92,UZS,FAR
R001300,M0387,Rasulov Rustam YaTT,SV-003893,2026-04-02,2026-05-17,4790016.00,4790016.00,UZS,TOS
R001301,M0754,Bunyod Servis MChJ,SV-003896,2026-04-02,2026-05-02,3608031.84,3608031.84,UZS,TOS
R001302,M0798,Ravnaq Market MChJ,SV-003898,2026-04-02,2026-05-17,2912418.88,2912418.88,UZS,SAM
R001303,M0520,Hamidov Sardor YaTT,SV-003901,2026-04-02,2026-05-17,5181400.00,5181400.00,UZS,TOS
R001304,M0278,Mirzayev Feruza YaTT,SV-003903,2026-04-03,2026-04-18,1323526.40,1323526.40,UZS,BUX
R001305,M0605,Istiqbol Market MChJ,SV-003905,2026-04-03,2026-05-18,14512283.52,14512283.52,UZS,SAM
R001306,M0127,Yusupov Shahnoza YaTT,SV-003907,2026-04-03,2026-04-18,132041.28,132041.28,UZS,TOS
R001307,M0660,Karimov Gulnora YaTT,SV-003914,2026-04-03,2026-05-18,10094358.40,10094358.40,UZS,FAR
R001308,M0493,Ziyo Savdo MChJ,SV-003916,2026-04-03,2026-05-03,14576800.00,14576800.00,UZS,SAM
R001309,M0559,Mehr Servis MChJ,SV-003917,2026-04-03,2026-05-18,1605703.68,1605703.68,UZS,SAM
R001310,M0749,Omad Trade MChJ,SV-003922,2026-04-03,2026-05-18,631313.76,631313.76,UZS,BUX
R001311,M0178,Omad Servis MChJ,SV-003928,2026-04-04,2026-04-19,9885621.76,9885621.76,UZS,SAM
R001312,M0241,Baraka Invest MChJ,SV-003930,2026-04-04,2026-05-19,8489326.72,8489326.72,UZS,TOS
R001313,M0806,Istiqbol Import MChJ,SV-003936,2026-04-04,2026-04-19,242.91,242.91,USD,TOS
R001314,M0245,Qodirov Nodir YaTT,SV-003937,2026-04-04,2026-05-04,13768272.00,13768272.00,UZS,TOS
R001315,M0283,Mirzayev Anvar YaTT,SV-003942,2026-04-05,2026-05-05,1742115.20,1742115.20,UZS,NAM
R001316,M0030,Tong Invest MChJ,SV-003944,2026-04-05,2026-04-20,8077081.60,3634686.72,UZS,NAM
R001317,M0463,Hamidov Rustam YaTT,SV-003946,2026-04-05,2026-05-20,3406144.00,3406144.00,UZS,TOS
R001318,M0804,Ziyo Import MChJ,SV-003950,2026-04-05,2026-04-20,242.25,242.25,USD,TOS
R001319,M0590,Sobirov Kamola YaTT,SV-003951,2026-04-05,2026-05-05,12259116.80,12259116.80,UZS,TOS
R001320,M0441,Sharq Trade MChJ,SV-003952,2026-04-05,2026-04-20,13693489.60,7531419.28,UZS,SAM
R001321,M0283,Mirzayev Anvar YaTT,SV-003954,2026-04-06,2026-05-21,1001246.40,1001246.40,UZS,NAM
R001322,M0672,Ziyo Trade MChJ,SV-003958,2026-04-06,2026-05-06,2916278.40,962371.87,UZS,TOS
R001323,M0734,Diyor Servis MChJ,SV-003961,2026-04-06,2026-05-06,2933463.68,2933463.68,UZS,NAM
R001324,M0274,Omad Servis MChJ,SV-003963,2026-04-06,2026-05-06,2905548.80,1220330.50,UZS,NAM
R001325,M0393,Zamin Savdo MChJ,SV-003971,2026-04-06,2026-04-21,9664029.76,9664029.76,UZS,TOS
R001326,M0555,Sahovat Servis MChJ,SV-003974,2026-04-07,2026-05-22,3710268.80,3710268.80,UZS,BUX
R001327,M0739,Baraka Savdo MChJ,SV-003975,2026-04-07,2026-05-07,5299414.40,5299414.40,UZS,NAM
R001328,M0246,Toshmatov Sardor YaTT,SV-003976,2026-04-07,2026-04-22,2433312.00,2433312.00,UZS,SAM
R001329,M0197,Bunyod Trade MChJ,SV-003985,2026-04-07,2026-05-07,1322774.88,1322774.88,UZS,BUX
R001330,M0746,Saidov Nigora YaTT,SV-003986,2026-04-07,2026-05-22,10064404.00,10064404.00,UZS,SAM
R001331,M0374,Nur Invest MChJ,SV-003989,2026-04-08,2026-05-23,6531539.84,4049554.70,UZS,FAR
R001332,M0740,Omad Savdo MChJ,SV-003991,2026-04-08,2026-05-08,2263744.00,2263744.00,UZS,SAM
R001333,M0656,Xolmatov Nigora YaTT,SV-003993,2026-04-08,2026-04-23,13282012.80,13282012.80,UZS,FAR
R001334,M0465,Saidov Sardor YaTT,SV-003996,2026-04-08,2026-04-23,5892936.00,5892936.00,UZS,FAR
R001335,M0617,Ziyo Market MChJ,SV-003997,2026-04-08,2026-04-23,1303963.36,1303963.36,UZS,FAR
R001336,M0217,Mehr Market MChJ,SV-003999,2026-04-08,2026-05-23,6611286.08,6611286.08,UZS,TOS
R001337,M0640,Aliyev Zarina YaTT,SV-004000,2026-04-08,2026-04-23,1559040.00,1559040.00,UZS,TOS
R001338,M0620,Zamin Savdo MChJ,SV-004002,2026-04-08,2026-04-23,6466642.56,6466642.56,UZS,FAR
R001339,M0218,Oltin Servis MChJ,SV-004009,2026-04-09,2026-04-24,190960.00,190960.00,UZS,FAR
R001340,M0488,Nur Servis MChJ,SV-004011,2026-04-09,2026-05-24,2503912.32,2503912.32,UZS,BUX
R001341,M0018,Nazarov Gulnora YaTT,SV-004014,2026-04-09,2026-04-24,803488.00,699034.56,UZS,TOS
R001342,M0473,Ziyo Market MChJ,SV-004016,2026-04-09,2026-04-24,5329088.80,5329088.80,UZS,TOS
R001343,M0387,Rasulov Rustam YaTT,SV-004017,2026-04-09,2026-05-24,2369931.20,2369931.20,UZS,TOS
R001344,M0557,Omad Invest MChJ,SV-004020,2026-04-09,2026-05-24,472093.44,472093.44,UZS,BUX
R001345,M0341,Mehr Trade MChJ,SV-004021,2026-04-09,2026-05-09,8274524.16,8274524.16,UZS,TOS
R001346,M0140,Hamidov Anvar YaTT,SV-004028,2026-04-09,2026-05-24,8883840.00,8883840.00,UZS,FAR
R001347,M0367,Yusupov Rustam YaTT,SV-004032,2026-04-10,2026-04-25,11818336.32,11818336.32,UZS,FAR
R001348,M0613,Sahovat Savdo MChJ,SV-004033,2026-04-10,2026-05-25,12510350.72,12510350.72,UZS,TOS
R001349,M0191,Nazarov Otabek YaTT,SV-004034,2026-04-10,2026-05-10,4138736.00,1489944.96,UZS,TOS
R001350,M0349,Nur Invest MChJ,SV-004036,2026-04-10,2026-05-25,3248784.00,3248784.00,UZS,TOS
R001351,M0518,Yulduz Invest MChJ,SV-004040,2026-04-10,2026-05-25,9942915.36,9942915.36,UZS,SAM
R001352,M0275,Hamidov Kamola YaTT,SV-004042,2026-04-10,2026-05-10,8154387.36,8154387.36,UZS,BUX
R001353,M0389,Rahimov Dilnoza YaTT,SV-004045,2026-04-11,2026-05-26,5156462.08,5156462.08,UZS,BUX
R001354,M0362,Ergashev Dilnoza YaTT,SV-004053,2026-04-11,2026-05-26,9823282.56,9823282.56,UZS,SAM
R001355,M0074,Aliyev Kamola YaTT,SV-004054,2026-04-11,2026-04-26,3580887.52,3580887.52,UZS,TOS
R001356,M0805,Sharq Import MChJ,SV-004058,2026-04-11,2026-05-11,12.30,12.30,USD,TOS
R001357,M0797,Rahimov Sardor YaTT,SV-004063,2026-04-11,2026-05-11,3388224.00,880938.24,UZS,TOS
R001358,M0450,Aliyev Sherzod YaTT,SV-004064,2026-04-11,2026-04-26,6381482.24,6381482.24,UZS,SAM
R001359,M0643,Mirzayev Dilnoza YaTT,SV-004066,2026-04-12,2026-04-27,2263766.40,2263766.40,UZS,BUX
R001360,M0546,Omad Savdo MChJ,SV-004067,2026-04-12,2026-05-27,5923659.84,5923659.84,UZS,FAR
R001361,M0550,Tong Market MChJ,SV-004068,2026-04-12,2026-05-12,11783770.88,1649727.92,UZS,TOS
R001362,M0673,Toshmatov Nodir YaTT,SV-004069,2026-04-12,2026-05-27,294091.84,294091.84,UZS,TOS
R001363,M0382,Bunyod Servis MChJ,SV-004070,2026-04-12,2026-05-12,2632346.08,2632346.08,UZS,BUX
R001364,M0408,Bunyod Invest MChJ,SV-004075,2026-04-13,2026-05-28,5469213.12,5469213.12,UZS,TOS
R001365,M0204,Yusupov Nodir YaTT,SV-004083,2026-04-13,2026-05-28,638624.00,638624.00,UZS,TOS
R001366,M0422,Yusupov Nigora YaTT,SV-004090,2026-04-14,2026-05-14,2402164.80,1777601.95,UZS,TOS
R001367,M0753,Mirzayev Anvar YaTT,SV-004091,2026-04-14,2026-05-29,4775120.00,4775120.00,UZS,SAM
R001368,M0629,Omad Market MChJ,SV-004098,2026-04-14,2026-05-14,4845066.24,4845066.24,UZS,BUX
R001369,M0020,Nazarov Umid YaTT,SV-004100,2026-04-14,2026-05-14,8672464.64,8672464.64,UZS,TOS
R001370,M0395,Aliyev Feruza YaTT,SV-004101,2026-04-14,2026-05-14,886878.72,886878.72,UZS,SAM
R001371,M0197,Bunyod Trade MChJ,SV-004102,2026-04-14,2026-04-29,3630588.64,3630588.64,UZS,BUX
R001372,M0597,Rahimov Shahnoza YaTT,SV-004103,2026-04-14,2026-05-29,975072.00,107257.92,UZS,SAM
R001373,M0717,Farovon Market MChJ,SV-004104,2026-04-14,2026-05-29,9446950.24,9446950.24,UZS,FAR
R001374,M0492,Rahimov Zarina YaTT,SV-004106,2026-04-14,2026-04-29,11624651.36,5347339.63,UZS,NAM
R001375,M0460,Nur Trade MChJ,SV-004107,2026-04-14,2026-04-29,4401152.00,4401152.00,UZS,TOS
R001376,M0438,Bunyod Trade MChJ,SV-004113,2026-04-15,2026-05-30,1389243.52,1389243.52,UZS,NAM
R001377,M0017,Nazarov Malika YaTT,SV-004114,2026-04-15,2026-04-30,4238192.00,4238192.00,UZS,TOS
R001378,M0542,Rahimov Anvar YaTT,SV-004119,2026-04-15,2026-05-30,7504896.00,7504896.00,UZS,TOS
R001379,M0001,Nur Trade MChJ,SV-004122,2026-04-15,2026-05-30,2892536.64,1012387.82,UZS,NAM
R001380,M0635,Zamin Invest MChJ,SV-004126,2026-04-15,2026-05-15,5682681.76,5682681.76,UZS,BUX
R001381,M0062,Xolmatov Gulnora YaTT,SV-004129,2026-04-16,2026-05-01,1491672.00,1491672.00,UZS,TOS
R001382,M0713,Mehr Invest MChJ,SV-004130,2026-04-16,2026-05-31,9166626.56,9166626.56,UZS,BUX
R001383,M0690,Rasulov Feruza YaTT,SV-004134,2026-04-16,2026-05-01,324699.20,324699.20,UZS,BUX
R001384,M0391,Oltin Savdo MChJ,SV-004135,2026-04-16,2026-05-16,488432.00,488432.00,UZS,NAM
R001385,M0218,Oltin Servis MChJ,SV-004137,2026-04-16,2026-05-01,4298112.00,4298112.00,UZS,FAR
R001386,M0124,Rahimov Rustam YaTT,SV-004138,2026-04-16,2026-05-16,13811212.80,13811212.80,UZS,TOS
R001387,M0807,Farovon Import MChJ,SV-004145,2026-04-16,2026-05-16,390.12,390.12,USD,TOS
R001388,M0638,Farovon Market MChJ,SV-004148,2026-04-17,2026-05-02,4880168.16,4880168.16,UZS,NAM
R001389,M0656,Xolmatov Nigora YaTT,SV-004149,2026-04-17,2026-05-02,9717456.00,5636124.48,UZS,FAR
R001390,M0511,Oltin Trade MChJ,SV-004150,2026-04-17,2026-05-17,3030864.48,3030864.48,UZS,BUX
R001391,M0010,Mehr Savdo MChJ,SV-004152,2026-04-17,2026-05-02,6239490.88,6239490.88,UZS,SAM
R001392,M0052,Xolmatov Aziz YaTT,SV-004154,2026-04-17,2026-05-02,8746988.32,8746988.32,UZS,TOS
R001393,M0124,Rahimov Rustam YaTT,SV-004156,2026-04-17,2026-05-02,850958.08,850958.08,UZS,TOS
R001394,M0768,Ravnaq Trade MChJ,SV-004159,2026-04-17,2026-05-02,5388880.00,2317218.40,UZS,TOS
R001395,M0019,Diyor Servis MChJ,SV-004161,2026-04-17,2026-05-02,2974022.24,2974022.24,UZS,NAM
R001396,M0703,Zamin Servis MChJ,SV-004166,2026-04-18,2026-05-03,4582928.00,4582928.00,UZS,FAR
R001397,M0766,Xolmatov Anvar YaTT,SV-004168,2026-04-18,2026-05-18,6131328.00,6131328.00,UZS,TOS
R001398,M0304,Xolmatov Feruza YaTT,SV-004173,2026-04-18,2026-06-02,8406636.00,8406636.00,UZS,SAM
R001399,M0203,Mehr Trade MChJ,SV-004179,2026-04-18,2026-06-02,806176.00,806176.00,UZS,SAM
R001400,M0120,Saidov Jasur YaTT,SV-004183,2026-04-18,2026-06-02,149184.00,149184.00,UZS,NAM
R001401,M0781,Mirzayev Malika YaTT,SV-004189,2026-04-19,2026-05-19,6786640.00,6786640.00,UZS,SAM
R001402,M0404,Nur Market MChJ,SV-004192,2026-04-19,2026-05-04,3480901.76,3480901.76,UZS,NAM
R001403,M0181,Aliyev Otabek YaTT,SV-004201,2026-04-20,2026-06-04,7201728.80,7201728.80,UZS,TOS
R001404,M0327,Qodirov Zarina YaTT,SV-004203,2026-04-20,2026-05-05,2179968.00,2179968.00,UZS,TOS
R001405,M0197,Bunyod Trade MChJ,SV-004204,2026-04-20,2026-05-20,313729.92,313729.92,UZS,BUX
R001406,M0746,Saidov Nigora YaTT,SV-004205,2026-04-20,2026-05-05,7796166.56,7796166.56,UZS,SAM
R001407,M0072,Diyor Savdo MChJ,SV-004206,2026-04-20,2026-05-05,9149952.00,9149952.00,UZS,SAM
R001408,M0651,Sharq Market MChJ,SV-004210,2026-04-20,2026-05-20,1078560.00,1078560.00,UZS,TOS
R001409,M0011,Yusupov Jasur YaTT,SV-004218,2026-04-21,2026-05-06,2319054.08,2319054.08,UZS,NAM
R001410,M0312,Bunyod Market MChJ,SV-004222,2026-04-21,2026-06-05,3406144.00,3406144.00,UZS,TOS
R001411,M0150,Karimov Zarina YaTT,SV-004227,2026-04-21,2026-06-05,2119936.00,2119936.00,UZS,TOS
R001412,M0300,Nazarov Jasur YaTT,SV-004228,2026-04-21,2026-05-21,4668160.00,4668160.00,UZS,FAR
R001413,M0295,Saidov Shahnoza YaTT,SV-004229,2026-04-21,2026-06-05,2546185.60,2546185.60,UZS,TOS
R001414,M0690,Rasulov Feruza YaTT,SV-004230,2026-04-21,2026-05-06,2715283.20,2715283.20,UZS,BUX
R001415,M0021,Mirzayev Sherzod YaTT,SV-004232,2026-04-21,2026-06-05,14662081.28,14662081.28,UZS,TOS
R001416,M0028,Tong Savdo MChJ,SV-004236,2026-04-21,2026-05-21,2428008.80,2428008.80,UZS,TOS
R001417,M0276,Nazarov Zarina YaTT,SV-004240,2026-04-22,2026-05-22,3025962.24,3025962.24,UZS,NAM
R001418,M0614,Bunyod Savdo MChJ,SV-004245,2026-04-22,2026-05-07,2549377.60,2549377.60,UZS,SAM
R001419,M0145,Abdullayev Kamola YaTT,SV-004254,2026-04-22,2026-05-07,6689984.00,6689984.00,UZS,TOS
R001420,M0770,Karimov Otabek YaTT,SV-004257,2026-04-23,2026-05-08,1771244.16,1771244.16,UZS,FAR
R001421,M0639,Rasulov Javlon YaTT,SV-004263,2026-04-23,2026-06-07,4545042.88,4545042.88,UZS,TOS
R001422,M0157,Toshmatov Rustam YaTT,SV-004264,2026-04-23,2026-06-07,175952.00,175952.00,UZS,FAR
R001423,M0784,Yusupov Gulnora YaTT,SV-004268,2026-04-23,2026-05-23,328997.76,328997.76,UZS,NAM
R001424,M0205,Ergashev Shahnoza YaTT,SV-004271,2026-04-23,2026-06-07,5310388.16,1752428.09,UZS,SAM
R001425,M0382,Bunyod Servis MChJ,SV-004272,2026-04-23,2026-05-08,1801049.60,1801049.60,UZS,BUX
R001426,M0441,Sharq Trade MChJ,SV-004276,2026-04-23,2026-06-07,2764238.40,2764238.40,UZS,SAM
R001427,M0365,Xolmatov Jasur YaTT,SV-004280,2026-04-24,2026-05-24,4598272.00,4598272.00,UZS,TOS
R001428,M0475,Qodirov Rustam YaTT,SV-004289,2026-04-24,2026-05-09,12571104.00,12571104.00,UZS,TOS
R001429,M0797,Rahimov Sardor YaTT,SV-004290,2026-04-24,2026-06-08,2107470.40,463643.49,UZS,TOS
R001430,M0769,Sahovat Servis MChJ,SV-004291,2026-04-24,2026-05-09,9961544.32,9961544.32,UZS,TOS
R001431,M0259,Ergashev Jasur YaTT,SV-004294,2026-04-24,2026-05-24,3016585.60,3016585.60,UZS,TOS
R001432,M0392,Omad Savdo MChJ,SV-004295,2026-04-25,2026-05-10,7942804.80,7942804.80,UZS,SAM
R001433,M0125,Istiqbol Market MChJ,SV-004300,2026-04-25,2026-06-09,491568.00,196627.20,UZS,BUX
R001434,M0170,Ergashev Gulnora YaTT,SV-004301,2026-04-25,2026-05-25,5304593.28,5304593.28,UZS,TOS
R001435,M0465,Saidov Sardor YaTT,SV-004302,2026-04-25,2026-05-25,4224853.92,4224853.92,UZS,FAR
R001436,M0579,Karimov Rustam YaTT,SV-004308,2026-04-25,2026-05-10,15390453.12,15390453.12,UZS,SAM
R001437,M0596,Mirzayev Kamola YaTT,SV-004309,2026-04-25,2026-05-10,2111760.00,2111760.00,UZS,NAM
R001438,M0614,Bunyod Savdo MChJ,SV-004310,2026-04-25,2026-05-10,12210605.12,12210605.12,UZS,SAM
R001439,M0409,Sobirov Dilshod YaTT,SV-004311,2026-04-25,2026-06-09,8439327.68,8439327.68,UZS,FAR
R001440,M0309,Rasulov Aziz YaTT,SV-004314,2026-04-25,2026-06-09,900480.00,900480.00,UZS,FAR
R001441,M0129,Xolmatov Anvar YaTT,SV-004317,2026-04-26,2026-06-10,232350.72,232350.72,UZS,SAM
R001442,M0438,Bunyod Trade MChJ,SV-004319,2026-04-26,2026-05-26,9515856.00,9515856.00,UZS,NAM
R001443,M0284,Sharq Market MChJ,SV-004322,2026-04-26,2026-05-11,2167894.40,1322415.58,UZS,TOS
R001444,M0377,Yusupov Gulnora YaTT,SV-004327,2026-04-27,2026-05-12,1809472.00,1809472.00,UZS,FAR
R001445,M0690,Rasulov Feruza YaTT,SV-004333,2026-04-27,2026-05-12,1711133.76,1711133.76,UZS,BUX
R001446,M0269,Sahovat Market MChJ,SV-004335,2026-04-27,2026-06-11,1447600.00,1447600.00,UZS,TOS
R001447,M0122,Mirzayev Sardor YaTT,SV-004338,2026-04-27,2026-05-27,5080075.84,5080075.84,UZS,SAM
R001448,M0436,Oltin Savdo MChJ,SV-004339,2026-04-27,2026-06-11,3330483.52,3330483.52,UZS,NAM
R001449,M0588,Aliyev Nigora YaTT,SV-004344,2026-04-27,2026-05-27,5778604.16,5778604.16,UZS,BUX
R001450,M0571,Ziyo Invest MChJ,SV-004348,2026-04-28,2026-05-28,274767.36,274767.36,UZS,BUX
R001451,M0128,Diyor Invest MChJ,SV-004352,2026-04-28,2026-05-13,5279680.00,5279680.00,UZS,TOS
R001452,M0073,Yusupov Aziz YaTT,SV-004353,2026-04-28,2026-06-12,11145476.16,11145476.16,UZS,TOS
R001453,M0237,Tong Invest MChJ,SV-004358,2026-04-28,2026-05-28,7396541.60,2218962.48,UZS,TOS
R001454,M0524,Ravnaq Market MChJ,SV-004360,2026-04-28,2026-06-12,3518704.00,3518704.00,UZS,NAM
R001455,M0410,Nazarov Rustam YaTT,SV-004361,2026-04-28,2026-05-28,11510692.48,9208553.98,UZS,NAM
R001456,M0268,Yulduz Trade MChJ,SV-004364,2026-04-29,2026-06-13,1553005.44,1553005.44,UZS,SAM
R001457,M0806,Istiqbol Import MChJ,SV-004370,2026-04-29,2026-05-14,329.91,329.91,USD,TOS
R001458,M0765,Xolmatov Dilshod YaTT,SV-004372,2026-04-29,2026-06-13,789835.20,789835.20,UZS,BUX
R001459,M0574,Istiqbol Invest MChJ,SV-004375,2026-04-29,2026-05-29,4883312.00,4883312.00,UZS,NAM
R001460,M0266,Bunyod Trade MChJ,SV-004379,2026-04-29,2026-06-13,285232.64,285232.64,UZS,BUX
R001461,M0085,Yusupov Shahnoza YaTT,SV-004393,2026-04-30,2026-05-15,12839344.00,4750557.28,UZS,TOS
R001462,M0671,Sharq Servis MChJ,SV-004396,2026-04-30,2026-05-30,986789.44,986789.44,UZS,TOS
R001463,M0339,Mirzayev Sardor YaTT,SV-004398,2026-04-30,2026-05-30,3329522.56,3329522.56,UZS,SAM
R001464,M0466,Zamin Invest MChJ,SV-004401,2026-05-01,2026-05-31,5647299.84,5647299.84,UZS,TOS
R001465,M0679,Karimov Otabek YaTT,SV-004411,2026-05-01,2026-05-16,9940113.12,9940113.12,UZS,TOS
R001466,M0794,Sahovat Servis MChJ,SV-004413,2026-05-01,2026-06-15,6865420.80,6865420.80,UZS,TOS
R001467,M0115,Mehr Savdo MChJ,SV-004414,2026-05-01,2026-05-31,1371563.20,1371563.20,UZS,TOS
R001468,M0042,Bunyod Market MChJ,SV-004424,2026-05-02,2026-06-01,4017283.20,4017283.20,UZS,SAM
R001469,M0357,Ravnaq Trade MChJ,SV-004425,2026-05-02,2026-06-16,7549516.80,7549516.80,UZS,NAM
R001470,M0395,Aliyev Feruza YaTT,SV-004432,2026-05-02,2026-05-17,5137498.24,5137498.24,UZS,SAM
R001471,M0401,Oltin Servis MChJ,SV-004434,2026-05-02,2026-06-16,2286592.00,2286592.00,UZS,FAR
R001472,M0632,Yulduz Servis MChJ,SV-004436,2026-05-02,2026-06-01,4437852.16,4437852.16,UZS,BUX
R001473,M0048,Nur Savdo MChJ,SV-004438,2026-05-03,2026-05-18,2104356.80,2104356.80,UZS,TOS
R001474,M0064,Xolmatov Nodir YaTT,SV-004443,2026-05-03,2026-05-18,4149712.00,2697312.80,UZS,TOS
R001475,M0775,Toshmatov Umid YaTT,SV-004444,2026-05-03,2026-05-18,7529042.08,7529042.08,UZS,FAR
R001476,M0114,Mirzayev Bekzod YaTT,SV-004446,2026-05-03,2026-06-02,11296299.84,11296299.84,UZS,FAR
R001477,M0751,Sobirov Javlon YaTT,SV-004448,2026-05-04,2026-06-18,6904464.00,690446.40,UZS,TOS
R001478,M0644,Istiqbol Trade MChJ,SV-004451,2026-05-04,2026-06-18,1415635.20,453003.26,UZS,FAR
R001479,M0438,Bunyod Trade MChJ,SV-004454,2026-05-04,2026-06-03,4687916.80,4687916.80,UZS,NAM
R001480,M0429,Yusupov Gulnora YaTT,SV-004459,2026-05-04,2026-06-18,628320.00,628320.00,UZS,FAR
R001481,M0326,Aliyev Feruza YaTT,SV-004461,2026-05-04,2026-06-18,5539148.16,5539148.16,UZS,FAR
R001482,M0082,Ziyo Market MChJ,SV-004462,2026-05-04,2026-06-03,8640372.16,8640372.16,UZS,BUX
R001483,M0037,Aliyev Sherzod YaTT,SV-004463,2026-05-04,2026-05-19,1051344.00,494131.68,UZS,TOS
R001484,M0438,Bunyod Trade MChJ,SV-004466,2026-05-04,2026-06-03,2555280.00,1328745.60,UZS,NAM
R001485,M0808,Omad Import MChJ,SV-004468,2026-05-04,2026-06-18,283.86,283.86,USD,TOS
R001486,M0135,Yulduz Market MChJ,SV-004470,2026-05-05,2026-06-04,1337504.00,1337504.00,UZS,SAM
R001487,M0660,Karimov Gulnora YaTT,SV-004472,2026-05-05,2026-05-20,1677491.20,1677491.20,UZS,FAR
R001488,M0088,Oltin Savdo MChJ,SV-004478,2026-05-05,2026-06-04,2435005.44,2435005.44,UZS,NAM
R001489,M0611,Ziyo Savdo MChJ,SV-004480,2026-05-05,2026-06-04,1442616.00,1442616.00,UZS,TOS
R001490,M0351,Sahovat Savdo MChJ,SV-004484,2026-05-05,2026-05-20,3217536.00,3217536.00,UZS,SAM
R001491,M0356,Rahimov Bekzod YaTT,SV-004485,2026-05-05,2026-06-19,962304.00,962304.00,UZS,SAM
R001492,M0455,Diyor Invest MChJ,SV-004488,2026-05-06,2026-06-05,3921008.00,3921008.00,UZS,FAR
R001493,M0688,Aliyev Bekzod YaTT,SV-004495,2026-05-06,2026-06-20,1931647.20,1931647.20,UZS,SAM
R001494,M0357,Ravnaq Trade MChJ,SV-004499,2026-05-06,2026-05-21,7804644.96,2809672.19,UZS,NAM
R001495,M0706,Rahimov Nigora YaTT,SV-004501,2026-05-06,2026-06-05,2820944.00,2820944.00,UZS,TOS
R001496,M0442,Abdullayev Dilshod YaTT,SV-004502,2026-05-06,2026-06-05,267904.00,267904.00,UZS,SAM
R001497,M0620,Zamin Savdo MChJ,SV-004504,2026-05-07,2026-06-06,7945430.08,5482346.76,UZS,FAR
R001498,M0085,Yusupov Shahnoza YaTT,SV-004507,2026-05-07,2026-05-22,4172000.00,375480.00,UZS,TOS
R001499,M0595,Hamidov Gulnora YaTT,SV-004508,2026-05-07,2026-05-22,160832.00,160832.00,UZS,SAM
R001500,M0102,Mirzayev Javlon YaTT,SV-004514,2026-05-07,2026-06-21,5458992.00,5458992.00,UZS,SAM
R001501,M0358,Bunyod Servis MChJ,SV-004516,2026-05-07,2026-06-06,4322192.00,1426323.36,UZS,SAM
R001502,M0780,Zamin Servis MChJ,SV-004518,2026-05-07,2026-06-06,1158864.00,1158864.00,UZS,TOS
R001503,M0519,Nur Servis MChJ,SV-004521,2026-05-07,2026-06-21,1956487.68,1956487.68,UZS,SAM
R001504,M0374,Nur Invest MChJ,SV-004525,2026-05-08,2026-05-23,2920736.00,2920736.00,UZS,FAR
R001505,M0400,Rasulov Dilshod YaTT,SV-004526,2026-05-08,2026-06-22,3470712.00,3470712.00,UZS,BUX
R001506,M0563,Bunyod Trade MChJ,SV-004528,2026-05-08,2026-05-23,13771968.00,13771968.00,UZS,NAM
R001507,M0288,Hamidov Gulnora YaTT,SV-004530,2026-05-08,2026-06-07,4470704.00,4470704.00,UZS,NAM
R001508,M0249,Rahimov Dilshod YaTT,SV-004537,2026-05-08,2026-06-07,5464208.96,5464208.96,UZS,SAM
R001509,M0140,Hamidov Anvar YaTT,SV-004544,2026-05-09,2026-06-08,9746524.48,9746524.48,UZS,FAR
R001510,M0742,Saidov Dilnoza YaTT,SV-004545,2026-05-09,2026-06-08,2252320.00,2252320.00,UZS,FAR
R001511,M0594,Mirzayev Anvar YaTT,SV-004547,2026-05-09,2026-06-08,31899.84,31899.84,UZS,TOS
R001512,M0012,Mehr Servis MChJ,SV-004551,2026-05-09,2026-05-24,10996832.00,10996832.00,UZS,SAM
R001513,M0142,Bunyod Invest MChJ,SV-004553,2026-05-09,2026-05-24,9893369.92,9893369.92,UZS,TOS
R001514,M0657,Bunyod Savdo MChJ,SV-004556,2026-05-09,2026-06-23,15522940.16,2328441.02,UZS,SAM
R001515,M0346,Sobirov Kamola YaTT,SV-004559,2026-05-09,2026-05-24,1908614.40,1908614.40,UZS,NAM
R001516,M0175,Ravnaq Savdo MChJ,SV-004563,2026-05-10,2026-05-25,11183519.20,11183519.20,UZS,FAR
R001517,M0021,Mirzayev Sherzod YaTT,SV-004564,2026-05-10,2026-05-25,415744.00,415744.00,UZS,TOS
R001518,M0006,Rasulov Jasur YaTT,SV-004565,2026-05-10,2026-05-25,6364424.64,6364424.64,UZS,FAR
R001519,M0262,Baraka Market MChJ,SV-004568,2026-05-10,2026-06-09,390353.60,390353.60,UZS,FAR
R001520,M0546,Omad Savdo MChJ,SV-004572,2026-05-11,2026-06-10,5504974.72,5504974.72,UZS,FAR
R001521,M0805,Sharq Import MChJ,SV-004575,2026-05-11,2026-06-25,499.36,499.36,USD,TOS
R001522,M0667,Nur Invest MChJ,SV-004576,2026-05-11,2026-05-26,18459002.24,18459002.24,UZS,BUX
R001523,M0275,Hamidov Kamola YaTT,SV-004577,2026-05-11,2026-06-10,12854077.60,5398712.59,UZS,BUX
R001524,M0804,Ziyo Import MChJ,SV-004579,2026-05-11,2026-05-26,36.63,36.63,USD,TOS
R001525,M0231,Yulduz Servis MChJ,SV-004580,2026-05-11,2026-06-10,430192.00,430192.00,UZS,TOS
R001526,M0084,Sobirov Javlon YaTT,SV-004583,2026-05-11,2026-06-25,2993410.56,2993410.56,UZS,TOS
R001527,M0426,Sharq Trade MChJ,SV-004584,2026-05-11,2026-06-25,4392138.24,4392138.24,UZS,FAR
R001528,M0002,Hamidov Kamola YaTT,SV-004586,2026-05-11,2026-05-26,8482414.08,8482414.08,UZS,TOS
R001529,M0438,Bunyod Trade MChJ,SV-004587,2026-05-12,2026-05-27,8118916.96,8118916.96,UZS,NAM
R001530,M0780,Zamin Servis MChJ,SV-004588,2026-05-12,2026-06-26,14478246.72,14478246.72,UZS,TOS
R001531,M0417,Rahimov Nigora YaTT,SV-004589,2026-05-12,2026-05-27,1646400.00,1646400.00,UZS,TOS
R001532,M0536,Sharq Servis MChJ,SV-004590,2026-05-12,2026-06-26,475552.00,66577.28,UZS,FAR
R001533,M0574,Istiqbol Invest MChJ,SV-004599,2026-05-12,2026-06-26,9018128.00,9018128.00,UZS,NAM
R001534,M0372,Rahimov Anvar YaTT,SV-004603,2026-05-12,2026-06-26,6404037.92,6404037.92,UZS,TOS
R001535,M0010,Mehr Savdo MChJ,SV-004605,2026-05-13,2026-06-12,2148608.00,2148608.00,UZS,SAM
R001536,M0553,Qodirov Sherzod YaTT,SV-004608,2026-05-13,2026-06-27,4838512.00,4838512.00,UZS,SAM
R001537,M0067,Sobirov Rustam YaTT,SV-004609,2026-05-13,2026-06-12,4466098.56,4466098.56,UZS,TOS
R001538,M0801,Baraka Import MChJ,SV-004611,2026-05-13,2026-06-12,189.75,189.75,USD,TOS
R001539,M0348,Tong Invest MChJ,SV-004613,2026-05-13,2026-06-12,5198762.24,4574910.77,UZS,BUX
R001540,M0327,Qodirov Zarina YaTT,SV-004624,2026-05-14,2026-06-28,8053964.80,8053964.80,UZS,TOS
R001541,M0193,Aliyev Shahnoza YaTT,SV-004625,2026-05-14,2026-06-13,10301892.16,10301892.16,UZS,FAR
R001542,M0747,Sharq Savdo MChJ,SV-004628,2026-05-14,2026-05-29,13270076.96,13270076.96,UZS,NAM
R001543,M0734,Diyor Servis MChJ,SV-004633,2026-05-14,2026-06-13,576352.00,576352.00,UZS,NAM
R001544,M0023,Oltin Market MChJ,SV-004635,2026-05-14,2026-05-29,2426282.88,2426282.88,UZS,BUX
R001545,M0125,Istiqbol Market MChJ,SV-004640,2026-05-15,2026-05-30,20806934.40,2704901.47,UZS,BUX
R001546,M0471,Toshmatov Sherzod YaTT,SV-004642,2026-05-15,2026-06-14,1187081.28,1187081.28,UZS,TOS
R001547,M0794,Sahovat Servis MChJ,SV-004648,2026-05-15,2026-05-30,2171464.96,2171464.96,UZS,TOS
R001548,M0125,Istiqbol Market MChJ,SV-004650,2026-05-15,2026-05-30,5129913.60,564290.50,UZS,BUX
R001549,M0374,Nur Invest MChJ,SV-004651,2026-05-15,2026-05-30,6574736.00,6574736.00,UZS,FAR
R001550,M0326,Aliyev Feruza YaTT,SV-004652,2026-05-15,2026-06-29,1130304.00,1130304.00,UZS,FAR
R001551,M0381,Farovon Servis MChJ,SV-004653,2026-05-15,2026-05-30,5008416.00,5008416.00,UZS,FAR
R001552,M0292,Karimov Nodir YaTT,SV-004654,2026-05-15,2026-06-29,8655309.60,8655309.60,UZS,TOS
R001553,M0124,Rahimov Rustam YaTT,SV-004662,2026-05-16,2026-06-30,763392.00,763392.00,UZS,TOS
R001554,M0127,Yusupov Shahnoza YaTT,SV-004666,2026-05-16,2026-05-31,5133434.88,5133434.88,UZS,TOS
R001555,M0079,Oltin Market MChJ,SV-004668,2026-05-16,2026-05-31,6717119.36,6717119.36,UZS,FAR
R001556,M0643,Mirzayev Dilnoza YaTT,SV-004669,2026-05-16,2026-06-30,5908875.84,5908875.84,UZS,BUX
R001557,M0715,Hamidov Bekzod YaTT,SV-004673,2026-05-16,2026-06-30,6664761.60,6664761.60,UZS,TOS
R001558,M0217,Mehr Market MChJ,SV-004678,2026-05-17,2026-06-01,4859229.76,4859229.76,UZS,TOS
R001559,M0323,Yusupov Dilshod YaTT,SV-004682,2026-05-17,2026-06-01,3537264.64,1167297.33,UZS,FAR
R001560,M0314,Sobirov Sherzod YaTT,SV-004683,2026-05-17,2026-07-01,2362550.40,2362550.40,UZS,TOS
R001561,M0384,Mehr Market MChJ,SV-004685,2026-05-18,2026-07-02,4430272.00,4430272.00,UZS,FAR
R001562,M0443,Yusupov Malika YaTT,SV-004692,2026-05-18,2026-06-17,2643052.16,2643052.16,UZS,NAM
R001563,M0666,Mirzayev Jasur YaTT,SV-004693,2026-05-18,2026-06-02,9035250.56,9035250.56,UZS,TOS
R001564,M0667,Nur Invest MChJ,SV-004695,2026-05-18,2026-07-02,11173004.64,11173004.64,UZS,BUX
R001565,M0804,Ziyo Import MChJ,SV-004696,2026-05-18,2026-06-02,78.86,78.86,USD,TOS
R001566,M0354,Oltin Savdo MChJ,SV-004698,2026-05-18,2026-06-17,2429952.00,2429952.00,UZS,FAR
R001567,M0095,Sahovat Savdo MChJ,SV-004702,2026-05-18,2026-06-17,5984453.44,5984453.44,UZS,TOS
R001568,M0627,Abdullayev Nodir YaTT,SV-004703,2026-05-19,2026-06-03,6314685.44,6314685.44,UZS,TOS
R001569,M0488,Nur Servis MChJ,SV-004704,2026-05-19,2026-06-03,1529445.12,1529445.12,UZS,BUX
R001570,M0730,Farovon Trade MChJ,SV-004707,2026-05-19,2026-06-18,7712676.16,7712676.16,UZS,BUX
R001571,M0375,Bunyod Market MChJ,SV-004713,2026-05-19,2026-06-03,2573648.00,2573648.00,UZS,SAM
R001572,M0127,Yusupov Shahnoza YaTT,SV-004715,2026-05-19,2026-07-03,67872.00,67872.00,UZS,TOS
R001573,M0733,Ergashev Bekzod YaTT,SV-004716,2026-05-19,2026-06-18,3963581.44,1466525.13,UZS,FAR
R001574,M0333,Diyor Savdo MChJ,SV-004718,2026-05-19,2026-06-03,8499391.04,0.00,UZS,TOS
R001575,M0462,Ravnaq Servis MChJ,SV-004719,2026-05-19,2026-06-18,6898019.52,6898019.52,UZS,SAM
R001576,M0202,Hamidov Umid YaTT,SV-004720,2026-05-19,2026-06-03,5458947.20,5458947.20,UZS,FAR
R001577,M0618,Rasulov Malika YaTT,SV-004721,2026-05-19,2026-06-18,884077.60,884077.60,UZS,NAM
R001578,M0065,Toshmatov Nigora YaTT,SV-004725,2026-05-20,2026-07-04,1572032.00,1572032.00,UZS,SAM
R001579,M0486,Diyor Market MChJ,SV-004726,2026-05-20,2026-06-19,3041530.24,3041530.24,UZS,NAM
R001580,M0197,Bunyod Trade MChJ,SV-004727,2026-05-20,2026-07-04,7226352.00,7226352.00,UZS,BUX
R001581,M0805,Sharq Import MChJ,SV-004733,2026-05-20,2026-06-19,615.82,615.82,USD,TOS
R001582,M0673,Toshmatov Nodir YaTT,SV-004734,2026-05-20,2026-07-04,4207392.00,4207392.00,UZS,TOS
R001583,M0221,Hamidov Kamola YaTT,SV-004740,2026-05-20,2026-06-04,1075536.00,1075536.00,UZS,FAR
R001584,M0623,Omad Savdo MChJ,SV-004743,2026-05-21,2026-06-05,8561143.36,8561143.36,UZS,FAR
R001585,M0086,Hamidov Umid YaTT,SV-004748,2026-05-21,2026-06-05,2163331.52,2163331.52,UZS,TOS
R001586,M0227,Tong Trade MChJ,SV-004751,2026-05-21,2026-07-05,4755381.12,4755381.12,UZS,NAM
R001587,M0403,Mehr Invest MChJ,SV-004755,2026-05-21,2026-07-05,3989591.20,3989591.20,UZS,FAR
R001588,M0292,Karimov Nodir YaTT,SV-004760,2026-05-22,2026-06-21,421120.00,421120.00,UZS,TOS
R001589,M0461,Nazarov Kamola YaTT,SV-004761,2026-05-22,2026-06-06,2906503.04,2906503.04,UZS,SAM
R001590,M0745,Mirzayev Sherzod YaTT,SV-004767,2026-05-22,2026-07-06,7160805.12,3437186.46,UZS,BUX
R001591,M0111,Hamidov Kamola YaTT,SV-004775,2026-05-23,2026-06-22,8093582.56,8093582.56,UZS,SAM
R001592,M0692,Mirzayev Rustam YaTT,SV-004779,2026-05-23,2026-07-07,5870972.80,5870972.80,UZS,FAR
R001593,M0728,Rasulov Shahnoza YaTT,SV-004780,2026-05-23,2026-06-07,1087027.20,1087027.20,UZS,FAR
R001594,M0500,Diyor Savdo MChJ,SV-004782,2026-05-23,2026-06-07,7756806.40,7756806.40,UZS,TOS
R001595,M0643,Mirzayev Dilnoza YaTT,SV-004787,2026-05-23,2026-06-07,3751991.04,3751991.04,UZS,BUX
R001596,M0745,Mirzayev Sherzod YaTT,SV-004788,2026-05-23,2026-07-07,924672.00,924672.00,UZS,BUX
R001597,M0535,Ravnaq Trade MChJ,SV-004791,2026-05-23,2026-06-07,7478746.24,7478746.24,UZS,TOS
R001598,M0107,Xolmatov Feruza YaTT,SV-004794,2026-05-24,2026-07-08,1774310.72,1774310.72,UZS,TOS
R001599,M0228,Rahimov Sherzod YaTT,SV-004798,2026-05-24,2026-07-08,1395815.68,753740.47,UZS,SAM
R001600,M0041,Yusupov Nigora YaTT,SV-004800,2026-05-24,2026-07-08,568288.00,568288.00,UZS,NAM
R001601,M0485,Nazarov Sherzod YaTT,SV-004801,2026-05-24,2026-06-23,9299136.00,9299136.00,UZS,TOS
R001602,M0164,Ergashev Gulnora YaTT,SV-004803,2026-05-25,2026-07-09,5933365.76,5933365.76,UZS,BUX
R001603,M0109,Aliyev Anvar YaTT,SV-004806,2026-05-25,2026-06-24,6489040.32,6489040.32,UZS,FAR
R001604,M0038,Baraka Invest MChJ,SV-004807,2026-05-25,2026-06-24,2799532.96,2799532.96,UZS,SAM
R001605,M0786,Sharq Servis MChJ,SV-004809,2026-05-25,2026-07-09,1674200.64,1674200.64,UZS,SAM
R001606,M0611,Ziyo Savdo MChJ,SV-004811,2026-05-25,2026-06-24,2567212.48,2567212.48,UZS,TOS
R001607,M0695,Rahimov Dilshod YaTT,SV-004815,2026-05-25,2026-06-09,5358054.24,5358054.24,UZS,SAM
R001608,M0161,Rahimov Nigora YaTT,SV-004817,2026-05-25,2026-06-09,629244.00,629244.00,UZS,TOS
R001609,M0711,Sahovat Invest MChJ,SV-004819,2026-05-25,2026-06-24,519792.00,519792.00,UZS,TOS
R001610,M0559,Mehr Servis MChJ,SV-004823,2026-05-26,2026-07-10,24704659.84,24704659.84,UZS,SAM
R001611,M0012,Mehr Servis MChJ,SV-004825,2026-05-26,2026-07-10,505344.00,505344.00,UZS,SAM
R001612,M0741,Ziyo Servis MChJ,SV-004829,2026-05-26,2026-06-25,1251040.00,1251040.00,UZS,TOS
R001613,M0119,Bunyod Trade MChJ,SV-004832,2026-05-26,2026-06-25,7414176.00,7414176.00,UZS,FAR
R001614,M0408,Bunyod Invest MChJ,SV-004833,2026-05-26,2026-06-25,792512.00,792512.00,UZS,TOS
R001615,M0589,Istiqbol Savdo MChJ,SV-004839,2026-05-27,2026-06-11,7613823.84,7613823.84,UZS,TOS
R001616,M0037,Aliyev Sherzod YaTT,SV-004842,2026-05-27,2026-06-11,1236128.32,1236128.32,UZS,TOS
R001617,M0440,Omad Servis MChJ,SV-004846,2026-05-27,2026-07-11,532000.00,532000.00,UZS,SAM
R001618,M0106,Sahovat Market MChJ,SV-004848,2026-05-27,2026-07-11,2887584.00,2887584.00,UZS,TOS
R001619,M0720,Ravnaq Invest MChJ,SV-004850,2026-05-27,2026-06-26,13458368.00,13458368.00,UZS,BUX
R001620,M0767,Mehr Servis MChJ,SV-004860,2026-05-27,2026-06-26,1011360.00,505680.00,UZS,TOS
R001621,M0057,Sahovat Savdo MChJ,SV-004863,2026-05-28,2026-07-12,5411620.48,5411620.48,UZS,TOS
R001622,M0214,Rasulov Javlon YaTT,SV-004864,2026-05-28,2026-06-27,10289585.60,10289585.60,UZS,SAM
R001623,M0183,Ergashev Malika YaTT,SV-004865,2026-05-28,2026-06-12,1115992.64,1115992.64,UZS,SAM
R001624,M0662,Mehr Servis MChJ,SV-004868,2026-05-28,2026-06-12,2728327.84,2728327.84,UZS,SAM
R001625,M0095,Sahovat Savdo MChJ,SV-004870,2026-05-28,2026-06-27,503193.60,503193.60,UZS,TOS
R001626,M0291,Sharq Trade MChJ,SV-004872,2026-05-28,2026-06-27,2872163.84,2872163.84,UZS,FAR
R001627,M0763,Karimov Nodir YaTT,SV-004873,2026-05-28,2026-06-12,6876627.52,3438313.76,UZS,SAM
R001628,M0153,Zamin Savdo MChJ,SV-004874,2026-05-28,2026-06-12,1196832.00,1196832.00,UZS,SAM
R001629,M0095,Sahovat Savdo MChJ,SV-004879,2026-05-29,2026-06-13,3302656.00,3302656.00,UZS,TOS
R001630,M0544,Bunyod Invest MChJ,SV-004880,2026-05-29,2026-07-13,962304.00,96230.40,UZS,FAR
R001631,M0207,Saidov Jasur YaTT,SV-004881,2026-05-29,2026-07-13,2948144.64,2948144.64,UZS,SAM
R001632,M0416,Yusupov Shahnoza YaTT,SV-004883,2026-05-29,2026-06-13,5085520.16,5085520.16,UZS,TOS
R001633,M0197,Bunyod Trade MChJ,SV-004884,2026-05-29,2026-06-28,4238886.40,4238886.40,UZS,BUX
R001634,M0675,Sahovat Trade MChJ,SV-004887,2026-05-29,2026-06-13,11644167.36,11644167.36,UZS,SAM
R001635,M0253,Mirzayev Malika YaTT,SV-004891,2026-05-29,2026-06-28,1560634.88,1560634.88,UZS,FAR
R001636,M0273,Zamin Invest MChJ,SV-004893,2026-05-29,2026-07-13,584640.00,584640.00,UZS,NAM
R001637,M0414,Omad Savdo MChJ,SV-004894,2026-05-29,2026-07-13,2371163.20,165981.42,UZS,TOS
R001638,M0753,Mirzayev Anvar YaTT,SV-004895,2026-05-29,2026-07-13,404485.76,404485.76,UZS,SAM
R001639,M0445,Yusupov Jasur YaTT,SV-004896,2026-05-29,2026-06-13,4705220.80,4705220.80,UZS,BUX
R001640,M0085,Yusupov Shahnoza YaTT,SV-004898,2026-05-30,2026-06-14,3946503.68,1618066.51,UZS,TOS
R001641,M0642,Mehr Market MChJ,SV-004899,2026-05-30,2026-07-14,1679128.64,1679128.64,UZS,NAM
R001642,M0470,Zamin Invest MChJ,SV-004906,2026-05-30,2026-06-14,1358560.00,1358560.00,UZS,TOS
R001643,M0359,Sharq Trade MChJ,SV-004911,2026-05-30,2026-07-14,8266733.44,8266733.44,UZS,NAM
R001644,M0418,Aliyev Dilshod YaTT,SV-004916,2026-05-31,2026-06-30,4157518.40,4157518.40,UZS,BUX
R001645,M0440,Omad Servis MChJ,SV-004919,2026-05-31,2026-06-30,6618386.88,6618386.88,UZS,SAM
R001646,M0223,Rasulov Javlon YaTT,SV-004924,2026-05-31,2026-06-15,2312049.60,2312049.60,UZS,SAM
R001647,M0629,Omad Market MChJ,SV-004932,2026-06-01,2026-06-16,2009952.00,2009952.00,UZS,BUX
R001648,M0079,Oltin Market MChJ,SV-004933,2026-06-01,2026-06-16,1620864.00,1620864.00,UZS,FAR
R001649,M0742,Saidov Dilnoza YaTT,SV-004936,2026-06-01,2026-06-16,1945036.80,1945036.80,UZS,FAR
R001650,M0753,Mirzayev Anvar YaTT,SV-004938,2026-06-01,2026-07-01,3706133.76,3706133.76,UZS,SAM
R001651,M0006,Rasulov Jasur YaTT,SV-004941,2026-06-01,2026-06-16,6602217.44,6602217.44,UZS,FAR
R001652,M0352,Rahimov Feruza YaTT,SV-004943,2026-06-01,2026-06-16,24333.12,24333.12,UZS,SAM
R001653,M0209,Karimov Malika YaTT,SV-004944,2026-06-01,2026-07-16,10265924.48,10265924.48,UZS,TOS
R001654,M0316,Sahovat Invest MChJ,SV-004947,2026-06-02,2026-07-02,5889582.72,5889582.72,UZS,BUX
R001655,M0241,Baraka Invest MChJ,SV-004950,2026-06-02,2026-06-17,1461660.48,1461660.48,UZS,TOS
R001656,M0683,Zamin Trade MChJ,SV-004951,2026-06-02,2026-06-17,7060524.80,7060524.80,UZS,TOS
R001657,M0644,Istiqbol Trade MChJ,SV-004952,2026-06-02,2026-07-02,2593248.00,1192894.08,UZS,FAR
R001658,M0424,Yusupov Aziz YaTT,SV-004958,2026-06-02,2026-06-17,7948953.60,7948953.60,UZS,TOS
R001659,M0503,Xolmatov Dilshod YaTT,SV-004963,2026-06-02,2026-07-17,10518543.84,10518543.84,UZS,TOS
R001660,M0409,Sobirov Dilshod YaTT,SV-004964,2026-06-02,2026-06-17,1017569.28,1017569.28,UZS,FAR
R001661,M0686,Rasulov Otabek YaTT,SV-004969,2026-06-03,2026-07-03,6683304.32,6683304.32,UZS,BUX
R001662,M0551,Ziyo Savdo MChJ,SV-004971,2026-06-03,2026-07-18,4759792.80,4759792.80,UZS,FAR
R001663,M0399,Tong Invest MChJ,SV-004972,2026-06-03,2026-06-18,12394089.12,12394089.12,UZS,TOS
R001664,M0600,Hamidov Umid YaTT,SV-004977,2026-06-03,2026-06-18,6833456.00,6833456.00,UZS,FAR
R001665,M0769,Sahovat Servis MChJ,SV-004980,2026-06-03,2026-06-18,4667265.12,4667265.12,UZS,TOS
R001666,M0653,Sahovat Trade MChJ,SV-004983,2026-06-04,2026-06-19,1098798.40,1098798.40,UZS,FAR
R001667,M0095,Sahovat Savdo MChJ,SV-004984,2026-06-04,2026-07-19,9935739.52,9935739.52,UZS,TOS
R001668,M0359,Sharq Trade MChJ,SV-004985,2026-06-04,2026-07-19,5470133.76,5470133.76,UZS,NAM
R001669,M0393,Zamin Savdo MChJ,SV-004988,2026-06-04,2026-06-19,3089773.12,3089773.12,UZS,TOS
R001670,M0100,Sahovat Servis MChJ,SV-004989,2026-06-04,2026-07-19,3614701.44,3614701.44,UZS,TOS
R001671,M0763,Karimov Nodir YaTT,SV-004990,2026-06-04,2026-07-04,515751.04,134095.27,UZS,SAM
R001672,M0742,Saidov Dilnoza YaTT,SV-004991,2026-06-04,2026-06-19,3760512.00,1955466.24,UZS,FAR
R001673,M0161,Rahimov Nigora YaTT,SV-004993,2026-06-04,2026-06-19,4919653.76,4919653.76,UZS,TOS
R001674,M0309,Rasulov Aziz YaTT,SV-004994,2026-06-04,2026-07-04,3555668.48,3555668.48,UZS,FAR
R001675,M0087,Saidov Rustam YaTT,SV-004995,2026-06-04,2026-07-04,284677.12,284677.12,UZS,NAM
R001676,M0083,Toshmatov Otabek YaTT,SV-004997,2026-06-04,2026-06-19,7644672.00,7644672.00,UZS,TOS
R001677,M0130,Rasulov Anvar YaTT,SV-004998,2026-06-04,2026-06-19,3847002.88,3847002.88,UZS,SAM
R001678,M0138,Hamidov Kamola YaTT,SV-004999,2026-06-05,2026-07-20,2354850.40,1271619.22,UZS,SAM
R001679,M0329,Sahovat Market MChJ,SV-005001,2026-06-05,2026-06-20,6598287.36,6598287.36,UZS,NAM
R001680,M0750,Qodirov Aziz YaTT,SV-005018,2026-06-06,2026-07-21,5234188.96,5234188.96,UZS,SAM
R001681,M0612,Saidov Dilnoza YaTT,SV-005019,2026-06-06,2026-07-06,2957248.00,2957248.00,UZS,TOS
R001682,M0275,Hamidov Kamola YaTT,SV-005022,2026-06-06,2026-07-21,2807200.48,2807200.48,UZS,BUX
R001683,M0554,Rahimov Jasur YaTT,SV-005025,2026-06-06,2026-06-21,1697086.72,1697086.72,UZS,TOS
R001684,M0684,Yulduz Servis MChJ,SV-005027,2026-06-06,2026-07-21,3363632.16,3363632.16,UZS,SAM
R001685,M0664,Bunyod Savdo MChJ,SV-005028,2026-06-06,2026-07-06,5953024.00,5953024.00,UZS,TOS
R001686,M0059,Yulduz Invest MChJ,SV-005029,2026-06-06,2026-07-06,257936.00,257936.00,UZS,FAR
R001687,M0553,Qodirov Sherzod YaTT,SV-005031,2026-06-06,2026-07-06,1067445.12,1067445.12,UZS,SAM
R001688,M0332,Nur Servis MChJ,SV-005033,2026-06-06,2026-06-21,13619813.76,13619813.76,UZS,FAR
R001689,M0111,Hamidov Kamola YaTT,SV-005035,2026-06-06,2026-07-21,15550976.00,8553036.80,UZS,SAM
R001690,M0217,Mehr Market MChJ,SV-005037,2026-06-06,2026-06-21,6109660.48,6109660.48,UZS,TOS
R001691,M0230,Rasulov Feruza YaTT,SV-005041,2026-06-07,2026-06-22,9093777.28,9093777.28,UZS,BUX
R001692,M0316,Sahovat Invest MChJ,SV-005042,2026-06-07,2026-07-07,4554712.96,4554712.96,UZS,BUX
R001693,M0047,Saidov Jasur YaTT,SV-005044,2026-06-07,2026-07-07,3181256.96,3181256.96,UZS,TOS
R001694,M0590,Sobirov Kamola YaTT,SV-005046,2026-06-07,2026-06-22,1738356.48,1738356.48,UZS,TOS
R001695,M0348,Tong Invest MChJ,SV-005048,2026-06-08,2026-06-23,3017658.56,3017658.56,UZS,BUX
R001696,M0306,Abdullayev Feruza YaTT,SV-005050,2026-06-08,2026-07-08,1854527.36,1854527.36,UZS,SAM
R001697,M0259,Ergashev Jasur YaTT,SV-005051,2026-06-08,2026-07-23,1427129.76,1427129.76,UZS,TOS
R001698,M0478,Zamin Servis MChJ,SV-005053,2026-06-08,2026-07-23,4839170.56,4839170.56,UZS,FAR
R001699,M0239,Ziyo Trade MChJ,SV-005059,2026-06-08,2026-07-08,1625090.88,1625090.88,UZS,FAR
R001700,M0380,Toshmatov Sardor YaTT,SV-005061,2026-06-08,2026-07-23,7031799.04,7031799.04,UZS,NAM
R001701,M0268,Yulduz Trade MChJ,SV-005062,2026-06-08,2026-07-23,2950422.72,2950422.72,UZS,SAM
R001702,M0557,Omad Invest MChJ,SV-005064,2026-06-08,2026-06-23,3691055.20,3691055.20,UZS,BUX
R001703,M0323,Yusupov Dilshod YaTT,SV-005068,2026-06-09,2026-07-09,2727354.56,2727354.56,UZS,FAR
R001704,M0075,Sahovat Savdo MChJ,SV-005069,2026-06-09,2026-06-24,9184896.00,9184896.00,UZS,NAM
R001705,M0086,Hamidov Umid YaTT,SV-005070,2026-06-09,2026-07-09,2136146.88,1837086.32,UZS,TOS
R001706,M0289,Ergashev Nigora YaTT,SV-005072,2026-06-09,2026-06-24,17928767.36,17928767.36,UZS,TOS
R001707,M0666,Mirzayev Jasur YaTT,SV-005074,2026-06-09,2026-07-09,2846071.20,2846071.20,UZS,TOS
R001708,M0429,Yusupov Gulnora YaTT,SV-005084,2026-06-09,2026-07-09,3332232.96,3332232.96,UZS,FAR
R001709,M0664,Bunyod Savdo MChJ,SV-005088,2026-06-10,2026-07-25,8062470.08,5804978.46,UZS,TOS
R001710,M0156,Xolmatov Sherzod YaTT,SV-005090,2026-06-10,2026-07-10,2344731.20,937892.48,UZS,TOS
R001711,M0609,Tong Savdo MChJ,SV-005094,2026-06-10,2026-07-10,3545136.00,3545136.00,UZS,BUX
R001712,M0236,Rasulov Zarina YaTT,SV-005095,2026-06-10,2026-06-25,10649981.44,10649981.44,UZS,TOS
R001713,M0691,Mehr Invest MChJ,SV-005096,2026-06-10,2026-06-25,975985.92,975985.92,UZS,BUX
R001714,M0485,Nazarov Sherzod YaTT,SV-005097,2026-06-10,2026-07-10,637549.92,637549.92,UZS,TOS
R001715,M0488,Nur Servis MChJ,SV-005099,2026-06-10,2026-07-10,8188934.88,8188934.88,UZS,BUX
R001716,M0228,Rahimov Sherzod YaTT,SV-005101,2026-06-10,2026-07-10,444236.80,168809.98,UZS,SAM
R001717,M0159,Yusupov Otabek YaTT,SV-005107,2026-06-11,2026-07-11,2473537.92,2473537.92,UZS,TOS
R001718,M0341,Mehr Trade MChJ,SV-005109,2026-06-11,2026-06-26,4906048.00,4906048.00,UZS,TOS
R001719,M0297,Nur Savdo MChJ,SV-005116,2026-06-11,2026-07-26,1118208.00,1118208.00,UZS,TOS
R001720,M0642,Mehr Market MChJ,SV-005117,2026-06-11,2026-06-26,2201046.40,2201046.40,UZS,NAM
R001721,M0559,Mehr Servis MChJ,SV-005120,2026-06-11,2026-06-26,1288596.96,1288596.96,UZS,SAM
R001722,M0334,Qodirov Anvar YaTT,SV-005128,2026-06-12,2026-07-12,2679936.00,937977.60,UZS,BUX
R001723,M0656,Xolmatov Nigora YaTT,SV-005134,2026-06-12,2026-07-12,513520.00,513520.00,UZS,FAR
R001724,M0754,Bunyod Servis MChJ,SV-005136,2026-06-12,2026-07-12,10199952.00,10199952.00,UZS,TOS
R001725,M0734,Diyor Servis MChJ,SV-005140,2026-06-13,2026-06-28,6145198.08,6145198.08,UZS,NAM
R001726,M0323,Yusupov Dilshod YaTT,SV-005141,2026-06-13,2026-07-28,10870377.28,6522226.37,UZS,FAR
R001727,M0508,Ravnaq Servis MChJ,SV-005142,2026-06-13,2026-07-13,2539718.72,2539718.72,UZS,BUX
R001728,M0002,Hamidov Kamola YaTT,SV-005144,2026-06-13,2026-07-13,5462280.32,5462280.32,UZS,TOS
R001729,M0746,Saidov Nigora YaTT,SV-005146,2026-06-13,2026-06-28,797820.80,797820.80,UZS,SAM
R001730,M0142,Bunyod Invest MChJ,SV-005149,2026-06-13,2026-06-28,9546888.96,9546888.96,UZS,TOS
R001731,M0525,Yulduz Savdo MChJ,SV-005150,2026-06-13,2026-06-28,3712635.36,3712635.36,UZS,SAM
R001732,M0483,Mirzayev Jasur YaTT,SV-005152,2026-06-13,2026-07-13,248636.64,99454.66,UZS,SAM
R001733,M0361,Tong Invest MChJ,SV-005155,2026-06-13,2026-06-28,7298885.44,7298885.44,UZS,FAR
R001734,M0799,Nur Invest MChJ,SV-005160,2026-06-14,2026-06-29,162064.00,162064.00,UZS,TOS
R001735,M0564,Toshmatov Umid YaTT,SV-005162,2026-06-14,2026-07-14,4062240.00,4062240.00,UZS,NAM
R001736,M0296,Nazarov Feruza YaTT,SV-005164,2026-06-14,2026-06-29,4653621.28,4653621.28,UZS,TOS
R001737,M0550,Tong Market MChJ,SV-005165,2026-06-14,2026-07-29,6872812.80,1718203.20,UZS,TOS
R001738,M0098,Karimov Gulnora YaTT,SV-005167,2026-06-14,2026-07-14,8593892.16,8593892.16,UZS,TOS
R001739,M0618,Rasulov Malika YaTT,SV-005170,2026-06-15,2026-07-30,2585707.04,2585707.04,UZS,NAM
R001740,M0052,Xolmatov Aziz YaTT,SV-005171,2026-06-15,2026-06-30,2788643.20,2788643.20,UZS,TOS
R001741,M0618,Rasulov Malika YaTT,SV-005172,2026-06-15,2026-07-30,5396294.40,5396294.40,UZS,NAM
R001742,M0767,Mehr Servis MChJ,SV-005173,2026-06-15,2026-06-30,3295877.76,3295877.76,UZS,TOS
R001743,M0309,Rasulov Aziz YaTT,SV-005177,2026-06-15,2026-06-30,3834653.76,3834653.76,UZS,FAR
R001744,M0578,Omad Invest MChJ,SV-005184,2026-06-15,2026-07-30,9340677.92,9340677.92,UZS,BUX
R001745,M0062,Xolmatov Gulnora YaTT,SV-005185,2026-06-15,2026-06-30,1106560.00,1106560.00,UZS,TOS
R001746,M0268,Yulduz Trade MChJ,SV-005190,2026-06-16,2026-07-31,3994019.68,3994019.68,UZS,SAM
R001747,M0236,Rasulov Zarina YaTT,SV-005191,2026-06-16,2026-07-31,1311821.28,1311821.28,UZS,TOS
R001748,M0364,Baraka Market MChJ,SV-005193,2026-06-16,2026-07-01,9076838.40,9076838.40,UZS,SAM
R001749,M0623,Omad Savdo MChJ,SV-005196,2026-06-16,2026-07-31,7386543.36,7386543.36,UZS,FAR
R001750,M0395,Aliyev Feruza YaTT,SV-005205,2026-06-16,2026-07-16,1243630.08,1243630.08,UZS,SAM
R001751,M0630,Aliyev Aziz YaTT,SV-005208,2026-06-17,2026-08-01,1223040.00,1223040.00,UZS,TOS
R001752,M0698,Oltin Servis MChJ,SV-005211,2026-06-17,2026-07-02,2032880.64,2032880.64,UZS,SAM
R001753,M0714,Omad Trade MChJ,SV-005219,2026-06-17,2026-07-02,4311963.04,4311963.04,UZS,SAM
R001754,M0751,Sobirov Javlon YaTT,SV-005220,2026-06-17,2026-08-01,8221214.40,2055303.60,UZS,TOS
R001755,M0221,Hamidov Kamola YaTT,SV-005224,2026-06-18,2026-07-03,4695420.80,4695420.80,UZS,FAR
R001756,M0480,Zamin Savdo MChJ,SV-005229,2026-06-18,2026-08-02,7288485.12,7288485.12,UZS,SAM
R001757,M0188,Sahovat Invest MChJ,SV-005230,2026-06-18,2026-08-02,626196.48,281788.42,UZS,TOS
R001758,M0358,Bunyod Servis MChJ,SV-005232,2026-06-18,2026-07-18,1848204.96,720799.93,UZS,SAM
R001759,M0623,Omad Savdo MChJ,SV-005233,2026-06-18,2026-08-02,4751977.44,4751977.44,UZS,FAR
R001760,M0537,Rahimov Rustam YaTT,SV-005234,2026-06-18,2026-07-18,4222982.40,4222982.40,UZS,BUX
R001761,M0492,Rahimov Zarina YaTT,SV-005236,2026-06-18,2026-07-03,11880710.24,4633476.99,UZS,NAM
R001762,M0469,Tong Savdo MChJ,SV-005243,2026-06-19,2026-08-03,14579304.32,14579304.32,UZS,TOS
R001763,M0283,Mirzayev Anvar YaTT,SV-005245,2026-06-19,2026-07-19,4629369.92,4629369.92,UZS,NAM
R001764,M0223,Rasulov Javlon YaTT,SV-005253,2026-06-19,2026-07-19,2230534.88,2230534.88,UZS,SAM
R001765,M0226,Sahovat Market MChJ,SV-005256,2026-06-20,2026-07-20,6753884.48,6753884.48,UZS,TOS
R001766,M0037,Aliyev Sherzod YaTT,SV-005257,2026-06-20,2026-07-20,15211161.28,15211161.28,UZS,TOS
R001767,M0293,Nazarov Javlon YaTT,SV-005259,2026-06-20,2026-08-04,6363629.44,6363629.44,UZS,TOS
R001768,M0728,Rasulov Shahnoza YaTT,SV-005260,2026-06-20,2026-08-04,7494208.96,7494208.96,UZS,FAR
R001769,M0090,Yulduz Invest MChJ,SV-005261,2026-06-20,2026-07-05,6129175.36,6129175.36,UZS,BUX
R001770,M0042,Bunyod Market MChJ,SV-005268,2026-06-20,2026-07-05,9711388.96,9711388.96,UZS,SAM
R001771,M0578,Omad Invest MChJ,SV-005270,2026-06-20,2026-07-05,8510824.00,8510824.00,UZS,BUX
R001772,M0072,Diyor Savdo MChJ,SV-005271,2026-06-20,2026-07-20,2204375.04,2204375.04,UZS,SAM
R001773,M0359,Sharq Trade MChJ,SV-005273,2026-06-20,2026-07-05,5017546.24,5017546.24,UZS,NAM
R001774,M0798,Ravnaq Market MChJ,SV-005276,2026-06-21,2026-07-06,2170775.04,2170775.04,UZS,SAM
R001775,M0323,Yusupov Dilshod YaTT,SV-005282,2026-06-21,2026-08-05,4561760.00,4561760.00,UZS,FAR
R001776,M0014,Abdullayev Kamola YaTT,SV-005285,2026-06-21,2026-07-06,4927440.00,4927440.00,UZS,FAR
R001777,M0604,Sharq Savdo MChJ,SV-005286,2026-06-21,2026-07-21,539145.60,539145.60,UZS,SAM
R001778,M0049,Rahimov Rustam YaTT,SV-005287,2026-06-22,2026-07-07,898352.00,898352.00,UZS,TOS
R001779,M0351,Sahovat Savdo MChJ,SV-005290,2026-06-22,2026-08-06,217208.32,217208.32,UZS,SAM
R001780,M0132,Diyor Savdo MChJ,SV-005293,2026-06-22,2026-07-07,3782016.00,2496130.56,UZS,BUX
R001781,M0120,Saidov Jasur YaTT,SV-005294,2026-06-22,2026-07-07,484323.84,484323.84,UZS,NAM
R001782,M0362,Ergashev Dilnoza YaTT,SV-005297,2026-06-22,2026-07-07,1539520.64,1539520.64,UZS,SAM
R001783,M0258,Ergashev Javlon YaTT,SV-005301,2026-06-22,2026-08-06,6145697.60,6145697.60,UZS,TOS
R001784,M0636,Karimov Zarina YaTT,SV-005306,2026-06-23,2026-07-23,1242640.00,99411.20,UZS,BUX
R001785,M0457,Nazarov Nigora YaTT,SV-005311,2026-06-23,2026-07-23,7732378.08,3324922.57,UZS,SAM
R001786,M0589,Istiqbol Savdo MChJ,SV-005316,2026-06-23,2026-07-08,5370265.60,5370265.60,UZS,TOS
R001787,M0319,Yusupov Rustam YaTT,SV-005321,2026-06-23,2026-08-07,1411415.04,1411415.04,UZS,NAM
R001788,M0631,Hamidov Aziz YaTT,SV-005324,2026-06-23,2026-08-07,958272.00,958272.00,UZS,TOS
R001789,M0025,Oltin Servis MChJ,SV-005326,2026-06-24,2026-08-08,12527816.00,12527816.00,UZS,SAM
R001790,M0198,Oltin Invest MChJ,SV-005331,2026-06-24,2026-07-09,1118208.00,1118208.00,UZS,TOS
R001791,M0495,Xolmatov Aziz YaTT,SV-005332,2026-06-24,2026-08-08,821184.00,821184.00,UZS,BUX
R001792,M0416,Yusupov Shahnoza YaTT,SV-005334,2026-06-24,2026-07-24,1459291.68,1459291.68,UZS,TOS
R001793,M0329,Sahovat Market MChJ,SV-005342,2026-06-24,2026-07-09,3448480.00,3448480.00,UZS,NAM
R001794,M0147,Aliyev Anvar YaTT,SV-005343,2026-06-24,2026-07-09,11453388.80,11453388.80,UZS,TOS
R001795,M0183,Ergashev Malika YaTT,SV-005349,2026-06-25,2026-08-09,8973204.80,8973204.80,UZS,SAM
R001796,M0139,Yulduz Market MChJ,SV-005351,2026-06-25,2026-08-09,10565280.32,10565280.32,UZS,SAM
R001797,M0267,Sobirov Otabek YaTT,SV-005356,2026-06-25,2026-07-10,2701440.00,2701440.00,UZS,TOS
R001798,M0440,Omad Servis MChJ,SV-005367,2026-06-26,2026-07-11,1413086.08,1413086.08,UZS,SAM
R001799,M0147,Aliyev Anvar YaTT,SV-005371,2026-06-26,2026-07-26,17221993.60,12399835.39,UZS,TOS
R001800,M0301,Oltin Servis MChJ,SV-005373,2026-06-26,2026-08-10,5658124.64,5658124.64,UZS,TOS
R001801,M0023,Oltin Market MChJ,SV-005377,2026-06-27,2026-08-11,14682422.72,14682422.72,UZS,BUX
R001802,M0347,Farovon Market MChJ,SV-005379,2026-06-27,2026-07-27,3579847.04,3579847.04,UZS,FAR
R001803,M0041,Yusupov Nigora YaTT,SV-005382,2026-06-27,2026-08-11,5235216.00,5235216.00,UZS,NAM
R001804,M0419,Mehr Servis MChJ,SV-005384,2026-06-27,2026-07-27,4088033.60,981128.06,UZS,TOS
R001805,M0737,Abdullayev Sherzod YaTT,SV-005389,2026-06-27,2026-08-11,3976657.44,3976657.44,UZS,SAM
R001806,M0760,Nazarov Feruza YaTT,SV-005393,2026-06-28,2026-07-13,718704.00,718704.00,UZS,NAM
R001807,M0421,Yusupov Anvar YaTT,SV-005397,2026-06-28,2026-08-12,6540464.00,6540464.00,UZS,BUX
R001808,M0304,Xolmatov Feruza YaTT,SV-005398,2026-06-28,2026-07-28,4046610.40,4046610.40,UZS,SAM
R001809,M0738,Hamidov Javlon YaTT,SV-005399,2026-06-28,2026-07-28,4991221.76,4991221.76,UZS,TOS
R001810,M0559,Mehr Servis MChJ,SV-005400,2026-06-28,2026-07-28,3562581.12,3562581.12,UZS,SAM
R001811,M0450,Aliyev Sherzod YaTT,SV-005401,2026-06-28,2026-07-13,3912279.84,3912279.84,UZS,SAM
R001812,M0242,Aliyev Javlon YaTT,SV-005404,2026-06-29,2026-07-29,1298416.00,1298416.00,UZS,FAR
R001813,M0793,Baraka Trade MChJ,SV-005405,2026-06-29,2026-07-29,1063218.24,1063218.24,UZS,SAM
R001814,M0372,Rahimov Anvar YaTT,SV-005411,2026-06-29,2026-07-29,1677760.00,1677760.00,UZS,TOS
R001815,M0212,Qodirov Javlon YaTT,SV-005414,2026-06-29,2026-07-14,7668111.36,3220606.77,UZS,TOS
R001816,M0194,Bunyod Servis MChJ,SV-005420,2026-06-29,2026-07-14,11186918.40,11186918.40,UZS,FAR
R001817,M0808,Omad Import MChJ,SV-005423,2026-06-30,2026-07-15,544.42,544.42,USD,TOS
R001818,M0421,Yusupov Anvar YaTT,SV-005425,2026-06-30,2026-08-14,2166908.80,2166908.80,UZS,BUX
R001819,M0765,Xolmatov Dilshod YaTT,SV-005427,2026-06-30,2026-07-15,7392112.00,7392112.00,UZS,BUX
R001820,M0121,Diyor Market MChJ,SV-005429,2026-06-30,2026-08-14,3420592.00,3420592.00,UZS,TOS
R001821,M0703,Zamin Servis MChJ,SV-005438,2026-06-30,2026-07-30,4810413.44,4810413.44,UZS,FAR
R001822,M0755,Toshmatov Bekzod YaTT,SV-005440,2026-07-01,2026-07-31,1264592.00,1264592.00,UZS,TOS
R001823,M0527,Nazarov Dilshod YaTT,SV-005442,2026-07-01,2026-07-16,2350656.00,2350656.00,UZS,SAM
R001824,M0192,Saidov Dilnoza YaTT,SV-005449,2026-07-01,2026-07-31,992230.40,218290.69,UZS,SAM
R001825,M0072,Diyor Savdo MChJ,SV-005452,2026-07-01,2026-07-16,1275680.00,1275680.00,UZS,SAM
R001826,M0589,Istiqbol Savdo MChJ,SV-005458,2026-07-01,2026-07-31,8026928.00,8026928.00,UZS,TOS
R001827,M0060,Nazarov Umid YaTT,SV-005460,2026-07-02,2026-08-01,1552208.00,1552208.00,UZS,SAM
R001828,M0731,Rahimov Feruza YaTT,SV-005476,2026-07-03,2026-07-18,1478489.60,1478489.60,UZS,NAM
R001829,M0348,Tong Invest MChJ,SV-005480,2026-07-03,2026-08-02,150343.20,150343.20,UZS,BUX
R001830,M0486,Diyor Market MChJ,SV-005483,2026-07-03,2026-08-02,1652336.00,1437532.32,UZS,NAM
R001831,M0117,Sharq Savdo MChJ,SV-005486,2026-07-03,2026-07-18,5101489.12,3928146.62,UZS,SAM
R001832,M0753,Mirzayev Anvar YaTT,SV-005487,2026-07-03,2026-08-02,8086678.88,8086678.88,UZS,SAM
R001833,M0043,Baraka Servis MChJ,SV-005488,2026-07-03,2026-07-18,6123152.00,2694186.88,UZS,NAM
R001834,M0665,Sobirov Aziz YaTT,SV-005491,2026-07-04,2026-08-18,4136832.00,2564835.84,UZS,FAR
R001835,M0329,Sahovat Market MChJ,SV-005500,2026-07-04,2026-08-18,406560.00,406560.00,UZS,NAM
R001836,M0808,Omad Import MChJ,SV-005502,2026-07-04,2026-07-19,62.15,62.15,USD,TOS
R001837,M0004,Ravnaq Savdo MChJ,SV-005503,2026-07-04,2026-07-19,2639840.00,2639840.00,UZS,NAM
R001838,M0002,Hamidov Kamola YaTT,SV-005506,2026-07-04,2026-07-19,56058.24,56058.24,UZS,TOS
R001839,M0086,Hamidov Umid YaTT,SV-005509,2026-07-04,2026-07-19,2662208.64,2662208.64,UZS,TOS
R001840,M0123,Nur Trade MChJ,SV-005512,2026-07-05,2026-08-04,6259167.04,6259167.04,UZS,BUX
R001841,M0500,Diyor Savdo MChJ,SV-005514,2026-07-05,2026-08-04,551488.00,551488.00,UZS,TOS
R001842,M0174,Mehr Savdo MChJ,SV-005515,2026-07-05,2026-07-20,8499463.84,8499463.84,UZS,BUX
R001843,M0619,Farovon Servis MChJ,SV-005518,2026-07-05,2026-07-20,1820672.00,1820672.00,UZS,SAM
R001844,M0626,Rasulov Zarina YaTT,SV-005519,2026-07-05,2026-08-04,3037440.00,3037440.00,UZS,SAM
R001845,M0231,Yulduz Servis MChJ,SV-005520,2026-07-05,2026-08-19,13261825.92,13261825.92,UZS,TOS
R001846,M0793,Baraka Trade MChJ,SV-005523,2026-07-06,2026-08-05,1154260.80,1154260.80,UZS,SAM
R001847,M0012,Mehr Servis MChJ,SV-005528,2026-07-06,2026-07-21,2639840.00,2639840.00,UZS,SAM
R001848,M0698,Oltin Servis MChJ,SV-005532,2026-07-06,2026-08-05,10283168.00,10283168.00,UZS,SAM
R001849,M0751,Sobirov Javlon YaTT,SV-005534,2026-07-06,2026-08-20,3371737.60,1685868.80,UZS,TOS
R001850,M0099,Rasulov Kamola YaTT,SV-005537,2026-07-06,2026-07-21,995308.16,696715.71,UZS,FAR
R001851,M0329,Sahovat Market MChJ,SV-005539,2026-07-06,2026-08-05,1188084.80,677208.34,UZS,NAM
R001852,M0421,Yusupov Anvar YaTT,SV-005541,2026-07-07,2026-08-21,7805616.00,7805616.00,UZS,BUX
R001853,M0647,Ravnaq Trade MChJ,SV-005546,2026-07-07,2026-07-22,1928416.00,1928416.00,UZS,TOS
R001854,M0553,Qodirov Sherzod YaTT,SV-005548,2026-07-07,2026-07-22,9648531.20,9648531.20,UZS,SAM
R001855,M0206,Mirzayev Dilshod YaTT,SV-005549,2026-07-07,2026-08-21,4229198.40,4229198.40,UZS,SAM
R001856,M0510,Sharq Invest MChJ,SV-005554,2026-07-07,2026-08-06,9449818.56,9449818.56,UZS,TOS
R001857,M0177,Karimov Dilnoza YaTT,SV-005556,2026-07-07,2026-08-21,8206598.40,8206598.40,UZS,BUX
R001858,M0414,Omad Savdo MChJ,SV-005558,2026-07-08,2026-08-07,2853473.28,941646.18,UZS,TOS
R001859,M0413,Mirzayev Umid YaTT,SV-005566,2026-07-08,2026-08-22,3472896.00,3472896.00,UZS,NAM
R001860,M0437,Mirzayev Javlon YaTT,SV-005571,2026-07-08,2026-08-07,4556944.00,91138.88,UZS,BUX
R001861,M0470,Zamin Invest MChJ,SV-005572,2026-07-09,2026-08-08,14442809.92,14442809.92,UZS,TOS
R001862,M0791,Sharq Invest MChJ,SV-005575,2026-07-09,2026-08-23,23390.08,1871.21,UZS,TOS
R001863,M0185,Xolmatov Jasur YaTT,SV-005576,2026-07-09,2026-08-23,2515322.88,2515322.88,UZS,TOS
R001864,M0414,Omad Savdo MChJ,SV-005581,2026-07-09,2026-08-23,13064219.84,0.00,UZS,TOS
R001865,M0392,Omad Savdo MChJ,SV-005583,2026-07-09,2026-07-24,5030592.00,5030592.00,UZS,SAM
R001866,M0674,Nazarov Anvar YaTT,SV-005585,2026-07-09,2026-07-24,3422323.52,3422323.52,UZS,NAM
R001867,M0266,Bunyod Trade MChJ,SV-005591,2026-07-10,2026-08-24,6434422.40,6434422.40,UZS,BUX
R001868,M0386,Ravnaq Trade MChJ,SV-005594,2026-07-10,2026-08-09,14278320.00,14278320.00,UZS,BUX
R001869,M0662,Mehr Servis MChJ,SV-005598,2026-07-10,2026-08-24,7325223.36,7325223.36,UZS,SAM
R001870,M0715,Hamidov Bekzod YaTT,SV-005600,2026-07-10,2026-08-09,9555826.56,9555826.56,UZS,TOS
R001871,M0145,Abdullayev Kamola YaTT,SV-005601,2026-07-10,2026-08-09,10435873.28,10435873.28,UZS,TOS
R001872,M0131,Toshmatov Gulnora YaTT,SV-005603,2026-07-10,2026-08-09,12542933.76,12542933.76,UZS,SAM
R001873,M0631,Hamidov Aziz YaTT,SV-005604,2026-07-10,2026-08-09,11511011.68,11511011.68,UZS,TOS
R001874,M0348,Tong Invest MChJ,SV-005606,2026-07-11,2026-08-10,15841571.20,15841571.20,UZS,BUX
R001875,M0799,Nur Invest MChJ,SV-005608,2026-07-11,2026-08-25,3313111.20,3313111.20,UZS,TOS
R001876,M0707,Abdullayev Gulnora YaTT,SV-005609,2026-07-11,2026-08-25,464723.84,464723.84,UZS,BUX
R001877,M0401,Oltin Servis MChJ,SV-005614,2026-07-11,2026-08-10,8143968.00,8143968.00,UZS,FAR
R001878,M0060,Nazarov Umid YaTT,SV-005616,2026-07-11,2026-08-10,1514096.64,1514096.64,UZS,SAM
R001879,M0111,Hamidov Kamola YaTT,SV-005617,2026-07-11,2026-08-10,103488.00,103488.00,UZS,SAM
R001880,M0401,Oltin Servis MChJ,SV-005620,2026-07-11,2026-07-26,1055712.00,1055712.00,UZS,FAR
R001881,M0348,Tong Invest MChJ,SV-005623,2026-07-11,2026-07-26,4266003.84,4266003.84,UZS,BUX
R001882,M0626,Rasulov Zarina YaTT,SV-005624,2026-07-11,2026-08-25,9157352.96,9157352.96,UZS,SAM
R001883,M0704,Qodirov Dilnoza YaTT,SV-005630,2026-07-12,2026-08-11,1441946.24,1441946.24,UZS,FAR
R001884,M0049,Rahimov Rustam YaTT,SV-005632,2026-07-12,2026-08-11,5763520.00,5763520.00,UZS,TOS
R001885,M0230,Rasulov Feruza YaTT,SV-005633,2026-07-12,2026-08-26,10509710.40,10509710.40,UZS,BUX
R001886,M0463,Hamidov Rustam YaTT,SV-005637,2026-07-13,2026-07-28,416399.20,416399.20,UZS,TOS
R001887,M0660,Karimov Gulnora YaTT,SV-005639,2026-07-13,2026-07-28,4583559.68,4583559.68,UZS,FAR
R001888,M0540,Rahimov Shahnoza YaTT,SV-005642,2026-07-13,2026-08-27,6520326.40,6520326.40,UZS,BUX
R001889,M0492,Rahimov Zarina YaTT,SV-005643,2026-07-13,2026-07-28,78059.52,10928.33,UZS,NAM
R001890,M0287,Sahovat Invest MChJ,SV-005649,2026-07-13,2026-08-27,1648039.68,1648039.68,UZS,SAM
R001891,M0402,Aliyev Otabek YaTT,SV-005650,2026-07-13,2026-08-12,3661168.00,109835.04,UZS,BUX
R001892,M0777,Istiqbol Invest MChJ,SV-005651,2026-07-13,2026-08-27,5616584.96,5616584.96,UZS,SAM
R001893,M0228,Rahimov Sherzod YaTT,SV-005652,2026-07-13,2026-08-27,2938647.04,2938647.04,UZS,SAM
R001894,M0608,Oltin Servis MChJ,SV-005660,2026-07-14,2026-08-28,4579176.00,4579176.00,UZS,FAR
R001895,M0667,Nur Invest MChJ,SV-005662,2026-07-14,2026-08-13,821408.00,402489.92,UZS,BUX
R001896,M0289,Ergashev Nigora YaTT,SV-005664,2026-07-14,2026-08-13,1771985.60,1771985.60,UZS,TOS
R001897,M0556,Nazarov Bekzod YaTT,SV-005665,2026-07-14,2026-08-28,562352.00,562352.00,UZS,SAM
R001898,M0715,Hamidov Bekzod YaTT,SV-005666,2026-07-14,2026-07-29,8258006.40,8258006.40,UZS,TOS
R001899,M0679,Karimov Otabek YaTT,SV-005669,2026-07-14,2026-08-28,8382528.00,8382528.00,UZS,TOS
R001900,M0172,Oltin Savdo MChJ,SV-005672,2026-07-14,2026-08-28,10053590.40,10053590.40,UZS,TOS
R001901,M0197,Bunyod Trade MChJ,SV-005674,2026-07-14,2026-07-29,7767872.00,3262506.24,UZS,BUX
R001902,M0695,Rahimov Dilshod YaTT,SV-005678,2026-07-14,2026-07-29,2409573.60,2409573.60,UZS,SAM
R001903,M0036,Toshmatov Dilshod YaTT,SV-005679,2026-07-15,2026-08-29,8227181.76,8227181.76,UZS,SAM
R001904,M0530,Qodirov Umid YaTT,SV-005683,2026-07-15,2026-08-29,1031829.12,1031829.12,UZS,FAR
R001905,M0808,Omad Import MChJ,SV-005685,2026-07-15,2026-08-29,127.28,127.28,USD,TOS
R001906,M0804,Ziyo Import MChJ,SV-005692,2026-07-15,2026-08-29,123.72,123.72,USD,TOS
R001907,M0225,Yusupov Shahnoza YaTT,SV-005698,2026-07-16,2026-08-30,11703319.04,11703319.04,UZS,TOS
R001908,M0535,Ravnaq Trade MChJ,SV-005701,2026-07-16,2026-07-31,3667758.08,3667758.08,UZS,TOS
R001909,M0743,Yusupov Sherzod YaTT,SV-005704,2026-07-16,2026-08-30,1046304.00,1046304.00,UZS,SAM
R001910,M0096,Karimov Otabek YaTT,SV-005706,2026-07-16,2026-07-31,1418592.00,1418592.00,UZS,SAM
R001911,M0693,Sharq Invest MChJ,SV-005713,2026-07-17,2026-08-01,5294128.00,5294128.00,UZS,BUX
R001912,M0766,Xolmatov Anvar YaTT,SV-005715,2026-07-17,2026-08-01,3059232.96,1407247.16,UZS,TOS
R001913,M0209,Karimov Malika YaTT,SV-005720,2026-07-17,2026-08-01,2420285.28,2420285.28,UZS,TOS
R001914,M0671,Sharq Servis MChJ,SV-005730,2026-07-18,2026-08-02,3772137.60,3772137.60,UZS,TOS
R001915,M0214,Rasulov Javlon YaTT,SV-005736,2026-07-18,2026-08-02,1884960.00,1884960.00,UZS,SAM
R001916,M0664,Bunyod Savdo MChJ,SV-005737,2026-07-18,2026-09-01,2582440.00,1291220.00,UZS,TOS
R001917,M0424,Yusupov Aziz YaTT,SV-005741,2026-07-18,2026-09-01,5941600.00,1485400.00,UZS,TOS
R001918,M0574,Istiqbol Invest MChJ,SV-005748,2026-07-19,2026-09-02,11989729.92,0.00,UZS,NAM
R001919,M0702,Toshmatov Shahnoza YaTT,SV-005751,2026-07-19,2026-09-02,2014656.00,0.00,UZS,SAM
R001920,M0664,Bunyod Savdo MChJ,SV-005754,2026-07-20,2026-08-19,3345269.76,3345269.76,UZS,TOS
R001921,M0300,Nazarov Jasur YaTT,SV-005755,2026-07-20,2026-08-04,6531840.00,4572288.00,UZS,FAR
R001922,M0193,Aliyev Shahnoza YaTT,SV-005759,2026-07-20,2026-09-03,4584988.80,0.00,UZS,FAR
R001923,M0132,Diyor Savdo MChJ,SV-005760,2026-07-20,2026-08-04,3781720.32,3781720.32,UZS,BUX
R001924,M0120,Saidov Jasur YaTT,SV-005764,2026-07-20,2026-08-04,4513568.64,4513568.64,UZS,NAM
R001925,M0142,Bunyod Invest MChJ,SV-005765,2026-07-20,2026-08-19,5675390.56,5675390.56,UZS,TOS
R001926,M0414,Omad Savdo MChJ,SV-005766,2026-07-20,2026-08-04,2848381.76,882998.35,UZS,TOS
R001927,M0022,Istiqbol Savdo MChJ,SV-005767,2026-07-20,2026-08-04,1741824.00,1288949.76,UZS,FAR
R001928,M0808,Omad Import MChJ,SV-005768,2026-07-20,2026-08-04,68.85,68.85,USD,TOS
R001929,M0416,Yusupov Shahnoza YaTT,SV-005771,2026-07-21,2026-09-04,8724175.04,0.00,UZS,TOS
R001930,M0071,Istiqbol Market MChJ,SV-005773,2026-07-21,2026-08-05,2407041.28,2407041.28,UZS,SAM
R001931,M0246,Toshmatov Sardor YaTT,SV-005776,2026-07-21,2026-08-05,13809082.56,13809082.56,UZS,SAM
R001932,M0283,Mirzayev Anvar YaTT,SV-005780,2026-07-21,2026-08-05,629888.00,629888.00,UZS,NAM
R001933,M0569,Abdullayev Javlon YaTT,SV-005782,2026-07-21,2026-08-05,1850688.00,1850688.00,UZS,SAM
R001934,M0099,Rasulov Kamola YaTT,SV-005783,2026-07-21,2026-09-04,9030003.36,2257500.84,UZS,FAR
R001935,M0358,Bunyod Servis MChJ,SV-005784,2026-07-21,2026-08-05,12134631.04,3883081.93,UZS,SAM
R001936,M0752,Rasulov Dilshod YaTT,SV-005785,2026-07-21,2026-09-04,1069958.40,534979.20,UZS,FAR
R001937,M0507,Aliyev Gulnora YaTT,SV-005790,2026-07-22,2026-08-21,2752099.84,2752099.84,UZS,TOS
R001938,M0419,Mehr Servis MChJ,SV-005794,2026-07-22,2026-08-06,11270488.32,2479507.43,UZS,TOS
R001939,M0775,Toshmatov Umid YaTT,SV-005796,2026-07-22,2026-08-21,1473371.20,1473371.20,UZS,FAR
R001940,M0735,Sobirov Malika YaTT,SV-005799,2026-07-22,2026-08-06,9578141.44,9578141.44,UZS,BUX
R001941,M0117,Sharq Savdo MChJ,SV-005804,2026-07-23,2026-08-22,3644860.80,3644860.80,UZS,SAM
R001942,M0744,Hamidov Kamola YaTT,SV-005809,2026-07-23,2026-08-22,414428.00,414428.00,UZS,TOS
R001943,M0772,Oltin Savdo MChJ,SV-005813,2026-07-23,2026-08-22,10359749.12,10359749.12,UZS,TOS
R001944,M0392,Omad Savdo MChJ,SV-005814,2026-07-23,2026-08-07,2916820.48,2916820.48,UZS,SAM
R001945,M0796,Mehr Servis MChJ,SV-005817,2026-07-24,2026-08-08,1416912.00,1416912.00,UZS,TOS
R001946,M0795,Istiqbol Invest MChJ,SV-005820,2026-07-24,2026-09-07,1677137.28,419284.32,UZS,FAR
R001947,M0620,Zamin Savdo MChJ,SV-005824,2026-07-24,2026-08-08,7457184.00,7457184.00,UZS,FAR
R001948,M0581,Karimov Dilnoza YaTT,SV-005827,2026-07-24,2026-08-23,4974847.36,4974847.36,UZS,TOS
R001949,M0348,Tong Invest MChJ,SV-005828,2026-07-24,2026-08-23,812972.16,812972.16,UZS,BUX
R001950,M0805,Sharq Import MChJ,SV-005829,2026-07-24,2026-08-08,113.31,113.31,USD,TOS
R001951,M0304,Xolmatov Feruza YaTT,SV-005835,2026-07-25,2026-08-09,11145500.80,11145500.80,UZS,SAM
R001952,M0503,Xolmatov Dilshod YaTT,SV-005846,2026-07-25,2026-08-24,4037443.20,4037443.20,UZS,TOS
R001953,M0267,Sobirov Otabek YaTT,SV-005847,2026-07-25,2026-08-09,3385536.00,3385536.00,UZS,TOS
R001954,M0518,Yulduz Invest MChJ,SV-005849,2026-07-25,2026-09-08,7693952.00,0.00,UZS,SAM
R001955,M0147,Aliyev Anvar YaTT,SV-005851,2026-07-26,2026-09-09,465774.40,116443.60,UZS,TOS
R001956,M0807,Farovon Import MChJ,SV-005854,2026-07-26,2026-08-10,75.49,75.49,USD,TOS
R001957,M0580,Oltin Trade MChJ,SV-005857,2026-07-26,2026-08-10,6701273.60,6701273.60,UZS,TOS
R001958,M0340,Toshmatov Aziz YaTT,SV-005860,2026-07-27,2026-08-11,8982496.32,8982496.32,UZS,TOS
R001959,M0281,Sobirov Rustam YaTT,SV-005866,2026-07-27,2026-09-10,2644686.24,0.00,UZS,TOS
R001960,M0674,Nazarov Anvar YaTT,SV-005874,2026-07-28,2026-09-11,9744806.40,2436201.60,UZS,NAM
R001961,M0034,Sobirov Anvar YaTT,SV-005876,2026-07-28,2026-08-12,501760.00,501760.00,UZS,TOS
R001962,M0200,Sharq Market MChJ,SV-005880,2026-07-28,2026-08-27,2793369.60,2793369.60,UZS,NAM
R001963,M0281,Sobirov Rustam YaTT,SV-005882,2026-07-28,2026-08-27,2157702.40,2157702.40,UZS,TOS
R001964,M0056,Qodirov Dilshod YaTT,SV-005883,2026-07-28,2026-09-11,3701376.00,0.00,UZS,TOS
R001965,M0700,Baraka Savdo MChJ,SV-005890,2026-07-28,2026-08-27,2117494.40,2117494.40,UZS,SAM
R001966,M0412,Sahovat Market MChJ,SV-005891,2026-07-29,2026-08-28,2719405.92,2719405.92,UZS,TOS
R001967,M0741,Ziyo Servis MChJ,SV-005892,2026-07-29,2026-08-28,3410825.60,3410825.60,UZS,TOS
R001968,M0797,Rahimov Sardor YaTT,SV-005904,2026-07-29,2026-08-13,10260432.00,5130216.00,UZS,TOS
R001969,M0017,Nazarov Malika YaTT,SV-005916,2026-07-30,2026-09-13,6889787.52,3444893.76,UZS,TOS
R001970,M0636,Karimov Zarina YaTT,SV-005917,2026-07-30,2026-09-13,7148671.04,71486.71,UZS,BUX
R001971,M0316,Sahovat Invest MChJ,SV-005924,2026-07-31,2026-08-15,2587863.04,2587863.04,UZS,BUX
R001972,M0447,Istiqbol Trade MChJ,SV-005929,2026-07-31,2026-09-14,5262969.60,0.00,UZS,FAR
R001973,M0688,Aliyev Bekzod YaTT,SV-005931,2026-07-31,2026-09-14,3616412.80,0.00,UZS,SAM
R001974,M0173,Sobirov Dilnoza YaTT,SV-005933,2026-07-31,2026-08-15,1149120.00,1149120.00,UZS,TOS
R001975,M0270,Abdullayev Shahnoza YaTT,SV-005935,2026-07-31,2026-09-14,6295856.00,1573964.00,UZS,FAR
R001976,M0374,Nur Invest MChJ,SV-005936,2026-07-31,2026-09-14,5662389.60,0.00,UZS,FAR
R001977,M0551,Ziyo Savdo MChJ,SV-005937,2026-08-01,2026-08-16,7368660.32,7368660.32,UZS,FAR
R001978,M0744,Hamidov Kamola YaTT,SV-005938,2026-08-01,2026-08-16,3483527.04,3483527.04,UZS,TOS
R001979,M0342,Qodirov Rustam YaTT,SV-005940,2026-08-01,2026-08-31,9132457.60,3561658.46,UZS,BUX
R001980,M0614,Bunyod Savdo MChJ,SV-005942,2026-08-01,2026-09-15,5483083.20,0.00,UZS,SAM
R001981,M0633,Toshmatov Shahnoza YaTT,SV-005946,2026-08-01,2026-08-31,1702512.00,425628.00,UZS,FAR
R001982,M0705,Saidov Dilnoza YaTT,SV-005947,2026-08-01,2026-08-31,1021723.36,255430.84,UZS,NAM
R001983,M0036,Toshmatov Dilshod YaTT,SV-005951,2026-08-01,2026-08-31,684212.48,342106.24,UZS,SAM
R001984,M0406,Nur Market MChJ,SV-005952,2026-08-02,2026-09-16,3739904.00,0.00,UZS,TOS
R001985,M0352,Rahimov Feruza YaTT,SV-005953,2026-08-02,2026-09-16,4114185.60,0.00,UZS,SAM
R001986,M0217,Mehr Market MChJ,SV-005954,2026-08-02,2026-09-16,932176.00,0.00,UZS,TOS
R001987,M0392,Omad Savdo MChJ,SV-005957,2026-08-02,2026-09-01,850554.88,0.00,UZS,SAM
R001988,M0702,Toshmatov Shahnoza YaTT,SV-005960,2026-08-02,2026-09-16,696138.24,0.00,UZS,SAM
R001989,M0738,Hamidov Javlon YaTT,SV-005964,2026-08-03,2026-09-17,3075692.48,0.00,UZS,TOS
R001990,M0474,Yulduz Market MChJ,SV-005967,2026-08-03,2026-08-18,5007807.84,5007807.84,UZS,FAR
R001991,M0147,Aliyev Anvar YaTT,SV-005968,2026-08-03,2026-09-17,5336396.80,0.00,UZS,TOS
R001992,M0404,Nur Market MChJ,SV-005971,2026-08-03,2026-09-17,5731600.00,1432900.00,UZS,NAM
R001993,M0348,Tong Invest MChJ,SV-005972,2026-08-03,2026-09-02,6588520.96,0.00,UZS,BUX
R001994,M0160,Qodirov Rustam YaTT,SV-005975,2026-08-03,2026-09-17,5706512.00,1426628.00,UZS,FAR
R001995,M0711,Sahovat Invest MChJ,SV-005978,2026-08-03,2026-09-02,1513190.56,756595.28,UZS,TOS
R001996,M0467,Farovon Servis MChJ,SV-005983,2026-08-04,2026-09-03,3038598.08,0.00,UZS,TOS
R001997,M0687,Xolmatov Shahnoza YaTT,SV-005987,2026-08-04,2026-09-18,5938401.28,0.00,UZS,NAM
R001998,M0689,Tong Savdo MChJ,SV-005988,2026-08-04,2026-08-19,589344.00,276991.68,UZS,SAM
R001999,M0699,Mirzayev Aziz YaTT,SV-005990,2026-08-04,2026-09-03,6432395.20,1608098.80,UZS,TOS
R002000,M0065,Toshmatov Nigora YaTT,SV-005991,2026-08-04,2026-09-03,2842795.20,0.00,UZS,SAM
R002001,M0362,Ergashev Dilnoza YaTT,SV-005992,2026-08-04,2026-08-19,1270821.44,1270821.44,UZS,SAM
R002002,M0105,Abdullayev Anvar YaTT,SV-005993,2026-08-04,2026-09-18,3197446.56,0.00,UZS,BUX
R002003,M0799,Nur Invest MChJ,SV-005998,2026-08-05,2026-09-19,3270821.12,1635410.56,UZS,TOS
R002004,M0333,Diyor Savdo MChJ,SV-006001,2026-08-05,2026-09-04,3439219.84,343921.98,UZS,TOS
R002005,M0022,Istiqbol Savdo MChJ,SV-006002,2026-08-05,2026-08-20,1400999.04,1400999.04,UZS,FAR
R002006,M0276,Nazarov Zarina YaTT,SV-006004,2026-08-05,2026-09-19,4009640.32,0.00,UZS,NAM
R002007,M0317,Saidov Malika YaTT,SV-006005,2026-08-05,2026-09-19,11114355.84,2778588.96,UZS,NAM
R002008,M0238,Rasulov Bekzod YaTT,SV-006018,2026-08-06,2026-09-05,2524877.60,0.00,UZS,TOS
R002009,M0808,Omad Import MChJ,SV-006020,2026-08-06,2026-09-20,748.68,0.00,USD,TOS
R002010,M0485,Nazarov Sherzod YaTT,SV-006021,2026-08-06,2026-09-20,10077597.60,0.00,UZS,TOS
R002011,M0582,Nazarov Shahnoza YaTT,SV-006024,2026-08-06,2026-09-05,1571741.92,785870.96,UZS,TOS
R002012,M0140,Hamidov Anvar YaTT,SV-006025,2026-08-06,2026-09-05,2245600.00,561400.00,UZS,FAR
R002013,M0753,Mirzayev Anvar YaTT,SV-006029,2026-08-06,2026-09-05,6494987.52,0.00,UZS,SAM
R002014,M0646,Mehr Savdo MChJ,SV-006031,2026-08-06,2026-09-20,2968153.44,742038.36,UZS,TOS
R002015,M0366,Saidov Sherzod YaTT,SV-006034,2026-08-06,2026-09-05,848280.16,212070.04,UZS,TOS
R002016,M0036,Toshmatov Dilshod YaTT,SV-006041,2026-08-07,2026-09-06,932400.00,0.00,UZS,SAM
R002017,M0609,Tong Savdo MChJ,SV-006044,2026-08-07,2026-08-22,7749165.76,7749165.76,UZS,BUX
R002018,M0747,Sharq Savdo MChJ,SV-006051,2026-08-07,2026-09-06,2775673.60,0.00,UZS,NAM
R002019,M0477,Hamidov Dilshod YaTT,SV-006055,2026-08-08,2026-09-22,1333463.04,0.00,UZS,SAM
R002020,M0297,Nur Savdo MChJ,SV-006056,2026-08-08,2026-09-22,5337584.00,2668792.00,UZS,TOS
R002021,M0219,Toshmatov Malika YaTT,SV-006058,2026-08-08,2026-09-07,1183669.76,0.00,UZS,TOS
R002022,M0226,Sahovat Market MChJ,SV-006063,2026-08-08,2026-08-23,10051440.00,10051440.00,UZS,TOS
R002023,M0272,Yusupov Otabek YaTT,SV-006064,2026-08-08,2026-08-23,2723712.32,2723712.32,UZS,SAM
R002024,M0606,Mirzayev Nigora YaTT,SV-006070,2026-08-08,2026-09-07,1892909.76,0.00,UZS,TOS
R002025,M0785,Rasulov Dilnoza YaTT,SV-006072,2026-08-08,2026-09-07,3483191.04,0.00,UZS,TOS
R002026,M0649,Oltin Servis MChJ,SV-006074,2026-08-09,2026-08-24,734328.00,734328.00,UZS,BUX
R002027,M0098,Karimov Gulnora YaTT,SV-006084,2026-08-09,2026-08-24,3620579.20,3620579.20,UZS,TOS
R002028,M0067,Sobirov Rustam YaTT,SV-006085,2026-08-09,2026-09-23,1094004.80,0.00,UZS,TOS
R002029,M0216,Sharq Invest MChJ,SV-006087,2026-08-10,2026-08-25,12254076.80,12254076.80,UZS,BUX
R002030,M0759,Diyor Market MChJ,SV-006089,2026-08-10,2026-09-24,2252560.80,0.00,UZS,SAM
R002031,M0468,Diyor Savdo MChJ,SV-006090,2026-08-10,2026-09-09,25625783.68,0.00,UZS,FAR
R002032,M0006,Rasulov Jasur YaTT,SV-006092,2026-08-10,2026-09-09,6804210.56,3402105.28,UZS,FAR
R002033,M0804,Ziyo Import MChJ,SV-006094,2026-08-10,2026-09-24,645.02,161.26,USD,TOS
R002034,M0793,Baraka Trade MChJ,SV-006095,2026-08-10,2026-09-09,10571845.76,0.00,UZS,SAM
R002035,M0014,Abdullayev Kamola YaTT,SV-006097,2026-08-10,2026-09-24,6944000.00,0.00,UZS,FAR
R002036,M0258,Ergashev Javlon YaTT,SV-006100,2026-08-10,2026-09-09,1358000.00,0.00,UZS,TOS
R002037,M0113,Qodirov Zarina YaTT,SV-006106,2026-08-11,2026-09-25,10473594.88,0.00,UZS,FAR
R002038,M0581,Karimov Dilnoza YaTT,SV-006108,2026-08-11,2026-09-25,3266368.00,816592.00,UZS,TOS
R002039,M0623,Omad Savdo MChJ,SV-006109,2026-08-11,2026-08-26,1403048.64,1403048.64,UZS,FAR
R002040,M0777,Istiqbol Invest MChJ,SV-006111,2026-08-11,2026-08-26,10506769.28,10506769.28,UZS,SAM
R002041,M0138,Hamidov Kamola YaTT,SV-006112,2026-08-11,2026-08-26,3434692.80,3434692.80,UZS,SAM
R002042,M0018,Nazarov Gulnora YaTT,SV-006115,2026-08-11,2026-09-10,2841664.00,0.00,UZS,TOS
R002043,M0594,Mirzayev Anvar YaTT,SV-006116,2026-08-11,2026-08-26,3120215.84,3120215.84,UZS,TOS
R002044,M0365,Xolmatov Jasur YaTT,SV-006120,2026-08-12,2026-08-27,7210478.24,7210478.24,UZS,TOS
R002045,M0661,Aliyev Anvar YaTT,SV-006125,2026-08-12,2026-08-27,11343991.68,11343991.68,UZS,TOS
R002046,M0772,Oltin Savdo MChJ,SV-006126,2026-08-12,2026-09-11,9181273.92,0.00,UZS,TOS
R002047,M0116,Tong Savdo MChJ,SV-006128,2026-08-12,2026-09-26,5950573.44,0.00,UZS,SAM
R002048,M0615,Nur Servis MChJ,SV-006130,2026-08-12,2026-09-26,1867140.80,0.00,UZS,FAR
R002049,M0428,Sobirov Zarina YaTT,SV-006133,2026-08-12,2026-09-11,7657923.84,0.00,UZS,NAM
R002050,M0017,Nazarov Malika YaTT,SV-006135,2026-08-12,2026-09-26,3332560.00,0.00,UZS,TOS
R002051,M0320,Farovon Servis MChJ,SV-006136,2026-08-12,2026-09-11,8306117.12,4153058.56,UZS,NAM
R002052,M0449,Sobirov Javlon YaTT,SV-006139,2026-08-13,2026-08-28,5988003.84,5988003.84,UZS,BUX
R002053,M0119,Bunyod Trade MChJ,SV-006140,2026-08-13,2026-09-27,5944768.48,0.00,UZS,FAR
R002054,M0344,Ziyo Trade MChJ,SV-006143,2026-08-13,2026-09-27,1645056.00,0.00,UZS,NAM
R002055,M0673,Toshmatov Nodir YaTT,SV-006148,2026-08-13,2026-09-12,6214488.00,0.00,UZS,TOS
R002056,M0211,Istiqbol Trade MChJ,SV-006150,2026-08-13,2026-09-12,1273216.00,318304.00,UZS,NAM
R002057,M0544,Bunyod Invest MChJ,SV-006151,2026-08-13,2026-09-12,4167520.00,2000409.60,UZS,FAR
R002058,M0359,Sharq Trade MChJ,SV-006154,2026-08-13,2026-08-28,798672.00,798672.00,UZS,NAM
R002059,M0517,Ziyo Savdo MChJ,SV-006157,2026-08-14,2026-08-29,5275990.72,5275990.72,UZS,FAR
R002060,M0097,Nazarov Kamola YaTT,SV-006159,2026-08-14,2026-09-13,2042790.40,633265.02,UZS,BUX
R002061,M0734,Diyor Servis MChJ,SV-006164,2026-08-14,2026-08-29,283584.00,283584.00,UZS,NAM
R002062,M0424,Yusupov Aziz YaTT,SV-006166,2026-08-14,2026-09-13,4221772.80,2110886.40,UZS,TOS
R002063,M0450,Aliyev Sherzod YaTT,SV-006167,2026-08-14,2026-09-28,1122985.92,561492.96,UZS,SAM
R002064,M0217,Mehr Market MChJ,SV-006171,2026-08-14,2026-09-13,2221632.00,0.00,UZS,TOS
R002065,M0048,Nur Savdo MChJ,SV-006173,2026-08-14,2026-08-29,11510004.80,11510004.80,UZS,TOS
R002066,M0591,Yusupov Anvar YaTT,SV-006177,2026-08-15,2026-09-14,7963334.40,0.00,UZS,FAR
R002067,M0535,Ravnaq Trade MChJ,SV-006179,2026-08-15,2026-08-30,9599080.96,9599080.96,UZS,TOS
R002068,M0408,Bunyod Invest MChJ,SV-006180,2026-08-15,2026-09-29,11515622.72,5757811.36,UZS,TOS
R002069,M0663,Abdullayev Zarina YaTT,SV-006188,2026-08-15,2026-08-30,1359904.00,1359904.00,UZS,NAM
R002070,M0094,Mirzayev Shahnoza YaTT,SV-006194,2026-08-16,2026-08-31,9006997.44,4503498.72,UZS,FAR
R002071,M0504,Mehr Market MChJ,SV-006195,2026-08-16,2026-09-30,3423836.64,0.00,UZS,NAM
R002072,M0028,Tong Savdo MChJ,SV-006196,2026-08-16,2026-09-30,5305547.52,2652773.76,UZS,TOS
R002073,M0415,Sharq Servis MChJ,SV-006205,2026-08-17,2026-09-01,2688268.80,672067.20,UZS,TOS
R002074,M0462,Ravnaq Servis MChJ,SV-006209,2026-08-17,2026-09-01,1561403.20,0.00,UZS,SAM
R002075,M0681,Nur Savdo MChJ,SV-006211,2026-08-17,2026-09-01,2360211.84,0.00,UZS,TOS
R002076,M0503,Xolmatov Dilshod YaTT,SV-006213,2026-08-17,2026-09-01,15997920.96,3999480.24,UZS,TOS
R002077,M0601,Saidov Nigora YaTT,SV-006216,2026-08-18,2026-09-02,222243.84,0.00,UZS,TOS
R002078,M0034,Sobirov Anvar YaTT,SV-006217,2026-08-18,2026-10-02,10303973.12,2575993.28,UZS,TOS
R002079,M0434,Sahovat Invest MChJ,SV-006219,2026-08-18,2026-10-02,1160333.44,0.00,UZS,TOS
R002080,M0653,Sahovat Trade MChJ,SV-006224,2026-08-18,2026-09-02,1009568.00,0.00,UZS,FAR
R002081,M0267,Sobirov Otabek YaTT,SV-006228,2026-08-18,2026-09-17,2664345.60,1332172.80,UZS,TOS
R002082,M0281,Sobirov Rustam YaTT,SV-006229,2026-08-18,2026-09-17,1773394.56,0.00,UZS,TOS
R002083,M0024,Aliyev Jasur YaTT,SV-006231,2026-08-18,2026-09-02,6713828.80,0.00,UZS,TOS
R002084,M0248,Hamidov Shahnoza YaTT,SV-006234,2026-08-18,2026-09-02,5904192.00,0.00,UZS,FAR
R002085,M0599,Ziyo Savdo MChJ,SV-006235,2026-08-19,2026-09-03,2970752.96,0.00,UZS,TOS
R002086,M0782,Yulduz Trade MChJ,SV-006237,2026-08-19,2026-09-18,5561496.64,1390374.16,UZS,NAM
R002087,M0239,Ziyo Trade MChJ,SV-006239,2026-08-19,2026-10-03,7888272.00,1972068.00,UZS,FAR
R002088,M0525,Yulduz Savdo MChJ,SV-006241,2026-08-19,2026-09-18,3179836.80,1589918.40,UZS,SAM
R002089,M0499,Omad Trade MChJ,SV-006242,2026-08-19,2026-09-03,3164403.20,1582201.60,UZS,SAM
R002090,M0159,Yusupov Otabek YaTT,SV-006244,2026-08-19,2026-09-03,740992.00,0.00,UZS,TOS
R002091,M0689,Tong Savdo MChJ,SV-006245,2026-08-19,2026-09-03,8804857.60,1672922.94,UZS,SAM
R002092,M0061,Oltin Trade MChJ,SV-006247,2026-08-19,2026-10-03,1031405.76,0.00,UZS,FAR
R002093,M0098,Karimov Gulnora YaTT,SV-006249,2026-08-19,2026-09-03,13160448.00,0.00,UZS,TOS
R002094,M0762,Nur Invest MChJ,SV-006250,2026-08-19,2026-09-03,1131656.96,565828.48,UZS,BUX
R002095,M0649,Oltin Servis MChJ,SV-006257,2026-08-20,2026-09-19,5088413.12,0.00,UZS,BUX
R002096,M0467,Farovon Servis MChJ,SV-006258,2026-08-20,2026-10-04,7424782.40,0.00,UZS,TOS
R002097,M0804,Ziyo Import MChJ,SV-006259,2026-08-20,2026-09-04,599.23,0.00,USD,TOS
R002098,M0533,Diyor Savdo MChJ,SV-006262,2026-08-20,2026-10-04,9097065.60,2274266.40,UZS,TOS
R002099,M0349,Nur Invest MChJ,SV-006264,2026-08-20,2026-10-04,6004911.36,0.00,UZS,TOS
R002100,M0321,Yulduz Trade MChJ,SV-006268,2026-08-21,2026-09-20,5885013.12,0.00,UZS,TOS
R002101,M0666,Mirzayev Jasur YaTT,SV-006274,2026-08-21,2026-09-20,601328.00,0.00,UZS,TOS
R002102,M0026,Sobirov Gulnora YaTT,SV-006277,2026-08-21,2026-09-05,7043792.00,0.00,UZS,BUX
R002103,M0278,Mirzayev Feruza YaTT,SV-006286,2026-08-22,2026-09-21,296150.40,0.00,UZS,BUX
R002104,M0771,Rasulov Bekzod YaTT,SV-006291,2026-08-22,2026-10-06,928287.36,0.00,UZS,TOS
R002105,M0464,Istiqbol Servis MChJ,SV-006292,2026-08-22,2026-09-21,102225.76,51112.88,UZS,TOS
R002106,M0784,Yusupov Gulnora YaTT,SV-006303,2026-08-22,2026-09-21,3025879.36,1512939.68,UZS,NAM
R002107,M0423,Toshmatov Zarina YaTT,SV-006305,2026-08-23,2026-09-07,3476677.12,0.00,UZS,FAR
R002108,M0022,Istiqbol Savdo MChJ,SV-006311,2026-08-23,2026-10-07,4922064.00,1230516.00,UZS,FAR
R002109,M0206,Mirzayev Dilshod YaTT,SV-006312,2026-08-23,2026-09-07,1214604.16,0.00,UZS,SAM
R002110,M0607,Xolmatov Nodir YaTT,SV-006313,2026-08-23,2026-10-07,67984.00,0.00,UZS,FAR
R002111,M0529,Yusupov Umid YaTT,SV-006316,2026-08-23,2026-09-22,4279856.00,2139928.00,UZS,SAM
R002112,M0506,Baraka Invest MChJ,SV-006322,2026-08-24,2026-10-08,1192403.52,572353.69,UZS,NAM
R002113,M0347,Farovon Market MChJ,SV-006323,2026-08-24,2026-09-23,1595664.00,0.00,UZS,FAR
R002114,M0316,Sahovat Invest MChJ,SV-006328,2026-08-24,2026-10-08,1980101.76,0.00,UZS,BUX
R002115,M0016,Mehr Savdo MChJ,SV-006329,2026-08-24,2026-10-08,3230418.24,0.00,UZS,NAM
R002116,M0321,Yulduz Trade MChJ,SV-006333,2026-08-24,2026-09-23,4163443.20,2081721.60,UZS,TOS
R002117,M0546,Omad Savdo MChJ,SV-006334,2026-08-24,2026-09-23,2238324.48,559581.12,UZS,FAR
R002118,M0801,Baraka Import MChJ,SV-006335,2026-08-25,2026-09-09,627.57,313.79,USD,TOS
R002119,M0219,Toshmatov Malika YaTT,SV-006337,2026-08-25,2026-10-09,3161223.52,1580611.76,UZS,TOS
R002120,M0662,Mehr Servis MChJ,SV-006341,2026-08-25,2026-09-09,5104097.60,0.00,UZS,SAM
R002121,M0751,Sobirov Javlon YaTT,SV-006343,2026-08-25,2026-10-09,4783296.00,1865485.44,UZS,TOS
R002122,M0476,Xolmatov Nodir YaTT,SV-006344,2026-08-25,2026-09-09,1422704.64,355676.16,UZS,BUX
R002123,M0781,Mirzayev Malika YaTT,SV-006346,2026-08-25,2026-10-09,12217880.64,0.00,UZS,SAM
R002124,M0566,Sharq Invest MChJ,SV-006347,2026-08-25,2026-09-24,6645856.00,3322928.00,UZS,SAM
R002125,M0019,Diyor Servis MChJ,SV-006350,2026-08-26,2026-10-10,13695248.00,0.00,UZS,NAM
R002126,M0174,Mehr Savdo MChJ,SV-006359,2026-08-26,2026-09-25,611856.00,0.00,UZS,BUX
R002127,M0439,Yusupov Rustam YaTT,SV-006363,2026-08-26,2026-10-10,8692350.24,2173087.56,UZS,SAM
R002128,M0386,Ravnaq Trade MChJ,SV-006368,2026-08-27,2026-09-26,9598995.84,0.00,UZS,BUX
R002129,M0422,Yusupov Nigora YaTT,SV-006370,2026-08-27,2026-09-26,3660160.00,0.00,UZS,TOS
R002130,M0435,Ravnaq Invest MChJ,SV-006372,2026-08-27,2026-09-11,1734801.60,451048.42,UZS,SAM
R002131,M0511,Oltin Trade MChJ,SV-006373,2026-08-27,2026-09-11,5525520.00,2762760.00,UZS,BUX
R002132,M0788,Ziyo Market MChJ,SV-006374,2026-08-27,2026-10-11,4722894.40,1180723.60,UZS,SAM
R002133,M0632,Yulduz Servis MChJ,SV-006377,2026-08-27,2026-09-26,9395435.84,2348858.96,UZS,BUX
R002134,M0330,Aliyev Dilshod YaTT,SV-006379,2026-08-27,2026-09-11,1330056.00,665028.00,UZS,TOS
R002135,M0163,Nur Invest MChJ,SV-006384,2026-08-28,2026-09-12,1161776.00,580888.00,UZS,TOS
R002136,M0608,Oltin Servis MChJ,SV-006385,2026-08-28,2026-10-12,2112611.20,0.00,UZS,FAR
R002137,M0234,Karimov Dilnoza YaTT,SV-006386,2026-08-28,2026-09-12,2991561.44,1495780.72,UZS,SAM
R002138,M0361,Tong Invest MChJ,SV-006387,2026-08-28,2026-09-27,12295062.08,0.00,UZS,FAR
R002139,M0120,Saidov Jasur YaTT,SV-006388,2026-08-28,2026-09-12,7915294.24,1978823.56,UZS,NAM
R002140,M0154,Rasulov Shahnoza YaTT,SV-006390,2026-08-28,2026-09-27,589344.00,0.00,UZS,TOS
R002141,M0338,Rasulov Gulnora YaTT,SV-006392,2026-08-28,2026-09-12,14553342.72,0.00,UZS,FAR
R002142,M0133,Xolmatov Jasur YaTT,SV-006399,2026-08-28,2026-09-27,679840.00,339920.00,UZS,BUX
R002143,M0704,Qodirov Dilnoza YaTT,SV-006401,2026-08-29,2026-09-13,2270016.00,0.00,UZS,FAR
R002144,M0260,Ravnaq Trade MChJ,SV-006404,2026-08-29,2026-09-28,1389248.00,0.00,UZS,NAM
R002145,M0426,Sharq Trade MChJ,SV-006405,2026-08-29,2026-10-13,3209308.48,1604654.24,UZS,FAR
R002146,M0098,Karimov Gulnora YaTT,SV-006406,2026-08-29,2026-09-13,1645056.00,0.00,UZS,TOS
R002147,M0370,Istiqbol Servis MChJ,SV-006408,2026-08-29,2026-09-13,6691675.20,0.00,UZS,TOS
R002148,M0063,Ergashev Sherzod YaTT,SV-006409,2026-08-29,2026-09-13,14252150.08,7126075.04,UZS,SAM
R002149,M0389,Rahimov Dilnoza YaTT,SV-006415,2026-08-29,2026-09-13,241859.52,0.00,UZS,BUX
R002150,M0440,Omad Servis MChJ,SV-006416,2026-08-29,2026-09-28,3244270.40,1622135.20,UZS,SAM
R002151,M0740,Omad Savdo MChJ,SV-006417,2026-08-29,2026-09-28,3813126.24,0.00,UZS,SAM
R002152,M0248,Hamidov Shahnoza YaTT,SV-006418,2026-08-29,2026-09-13,1524700.80,0.00,UZS,FAR
R002153,M0065,Toshmatov Nigora YaTT,SV-006419,2026-08-29,2026-10-13,638064.00,0.00,UZS,SAM
R002154,M0566,Sharq Invest MChJ,SV-006421,2026-08-29,2026-09-28,3629136.00,0.00,UZS,SAM
R002155,M0355,Nur Savdo MChJ,SV-006423,2026-08-30,2026-09-14,1678373.76,0.00,UZS,FAR
R002156,M0452,Qodirov Sherzod YaTT,SV-006424,2026-08-30,2026-09-14,4299516.48,0.00,UZS,FAR
R002157,M0708,Qodirov Sardor YaTT,SV-006425,2026-08-30,2026-09-14,3511490.08,0.00,UZS,FAR
R002158,M0659,Aliyev Rustam YaTT,SV-006432,2026-08-31,2026-10-15,5092864.00,2546432.00,UZS,SAM
R002159,M0777,Istiqbol Invest MChJ,SV-006435,2026-08-31,2026-10-15,4226839.68,0.00,UZS,SAM
R002160,M0369,Omad Servis MChJ,SV-006437,2026-08-31,2026-09-30,6892824.96,1723206.24,UZS,FAR
R002161,M0801,Baraka Import MChJ,SV-006439,2026-08-31,2026-10-15,308.37,0.00,USD,TOS
R002162,M0133,Xolmatov Jasur YaTT,SV-006443,2026-08-31,2026-10-15,1019984.00,254996.00,UZS,BUX
R002163,M0211,Istiqbol Trade MChJ,SV-006446,2026-08-31,2026-09-30,3726186.24,0.00,UZS,NAM
R002164,M0728,Rasulov Shahnoza YaTT,SV-006447,2026-08-31,2026-10-15,9468466.56,0.00,UZS,FAR
